sent_id,dataset,true_label,pred_label_authority_neg,pred_label_authority_pos,pred_label_control,pred_label_general_neg,pred_label_general_pos,pred_label_neutral,prob_positive_authority_neg,prob_positive_authority_pos,prob_positive_control,prob_positive_general_neg,prob_positive_general_pos,prob_positive_neutral,prob_negative_authority_neg,prob_negative_authority_pos,prob_negative_control,prob_negative_general_neg,prob_negative_general_pos,prob_negative_neutral,flip_general_pos,flip_general_neg,flip_authority_pos,flip_authority_neg,flip_neutral
01fd52bce390eb623b85a901c,cfimdb,0,,0.0,0.0,,0.0,0.0,,6.862118607386947e-05,9.242445230484009e-06,,0.0001583320263307,7.740715773252305e-06,,0.9999313354492188,0.999990701675415,,0.9998416900634766,0.9999922513961792,0,1,0,1,0
045bc753996f7fdfa5ddedaa4,cfimdb,0,,0.0,0.0,,0.0,0.0,,8.892510231817141e-05,1.300138592341682e-05,,5.100770067656413e-05,1.5703230019425973e-05,,0.9999110698699952,0.999987006187439,,0.9999489784240724,0.9999842643737792,0,1,0,1,0
054df246cc7d62932a0aa5a3d,cfimdb,1,0.0,,1.0,0.0,,1.0,0.0001513391907792,,0.9960232973098756,5.027716906624846e-05,,0.997109353542328,0.9998486042022704,,0.0039766393601894,0.9999496936798096,,0.0028907051309943,1,1,1,1,0
05fcff4bfd58c6b57cd1b47ff,cfimdb,0,,0.0,0.0,,0.0,0.0,,0.0001596970687387,7.225989065773319e-06,,0.0014016539789736,5.447730472951662e-06,,0.999840259552002,0.9999927282333374,,0.9985983967781068,0.9999945163726808,0,1,0,1,0
06ec1d1d0d2da02b0438ddf70,cfimdb,1,1.0,,1.0,1.0,,1.0,0.9996180534362792,,0.999884843826294,0.9994660019874572,,0.9998388290405272,0.0003819327102974,,0.000115098322567,0.0005339757772162,,0.0001611570332897,1,0,1,0,0
09d4164320fd73c3a122f6453,cfimdb,0,,0.0,0.0,,0.0,0.0,,0.0002084918960463,9.705523552838711e-06,,0.0006109436508268,1.5841491403989494e-05,,0.9997915625572203,0.9999903440475464,,0.9993890523910522,0.9999841451644896,0,1,0,1,0
0a4fcdc93bb7bb88bdf64ef26,cfimdb,1,0.0,,1.0,1.0,,1.0,0.1389723271131515,,0.9998894929885864,0.9613959193229676,,0.9999107122421264,0.861027717590332,,0.0001104581242543,0.0386041179299354,,8.927599992603064e-05,1,0,1,1,0
0bf592c9d22ac5f293e8e1a5e,cfimdb,0,,0.0,0.0,,0.0,0.0,,0.0011739580659195,3.133562131552026e-05,,0.003774861106649,4.103842366021127e-05,,0.9988260865211488,0.999968647956848,,0.996225118637085,0.9999589920043944,0,1,0,1,0
0c0fb961753c3d378d7f9cc3d,cfimdb,1,1.0,,1.0,1.0,,1.0,0.9995797276496888,,0.99989914894104,0.9805248975753784,,0.9998857975006104,0.0004202635900583,,0.000100823068351,0.0194751787930727,,0.0001141431639553,1,0,1,0,0
0c4e8c810a4b09fd30c0c091c,cfimdb,0,,1.0,0.0,,1.0,0.0,,0.9818296432495116,0.0003114182327408,,0.8957343697547913,0.0006132380804046,,0.0181703809648752,0.9996886253356934,,0.1042655706405639,0.9993867874145508,1,1,1,1,0
0e6ffa7268dd663b1be2a147c,cfimdb,1,1.0,,1.0,1.0,,1.0,0.998870313167572,,0.999817430973053,0.9992300271987916,,0.9998212456703186,0.0011296711163595,,0.0001826469670049,0.0007700327550992,,0.000178827176569,1,0,1,0,0
0f06f6aef9058b459b96b3a34,cfimdb,0,,0.0,0.0,,0.0,0.0,,0.0055405981838703,0.0003403197915758,,0.0036192273255437,0.0004321483720559,,0.9944593906402588,0.9996596574783324,,0.9963807463645936,0.9995678067207336,0,1,0,1,0
10103,imdb,0,,1.0,1.0,,1.0,1.0,,0.8557298183441162,0.7388957142829895,,0.8003939390182495,0.7641189694404602,,0.1442701816558838,0.2611042261123657,,0.1996060907840728,0.2358810156583786,0,1,0,1,0
10168,imdb,0,,0.0,0.0,,0.0,0.0,,0.0029018949717283,0.0027331663295626,,0.0083944573998451,0.0026314377319067,,0.9970980882644652,0.9972668886184692,,0.9916055202484132,0.997368574142456,0,1,0,1,0
10169,imdb,0,,0.0,0.0,,0.0,0.0,,0.0147498315200209,0.0097192004323005,,0.016674006357789,0.0090672057121992,,0.9852501749992372,0.9902807474136353,,0.9833260774612428,0.990932822227478,0,1,0,1,0
10203,imdb,0,,0.0,0.0,,0.0,0.0,,0.0155519172549247,0.0042645456269383,,0.0415801331400871,0.006583223119378,,0.9844480752944946,0.9957354068756104,,0.9584198594093324,0.9934167861938475,0,1,0,1,0
10391,imdb,0,,0.0,0.0,,0.0,0.0,,0.002619698876515,0.001432643039152,,0.0026883878745138,0.0010587974684312,,0.9973803162574768,0.9985673427581788,,0.9973115921020508,0.9989412426948548,0,1,0,1,0
10477,imdb,0,,0.0,0.0,,0.0,0.0,,0.0013763182796537,0.0007953213062137,,0.0020611588843166,0.0008394518517889,,0.9986237287521362,0.999204695224762,,0.9979388117790222,0.9991605281829834,0,1,0,1,0
10965,imdb,0,,0.0,0.0,,0.0,0.0,,0.029064156115055,0.0067639471963047,,0.0235453844070434,0.0113622117787599,,0.9709358215332032,0.9932361245155334,,0.9764545559883118,0.9886377453804016,0,1,0,1,0
11089,imdb,0,,0.0,0.0,,0.0,0.0,,0.000619749771431,0.0005092953797429,,0.0012834712397307,0.0005968658952042,,0.9993802309036256,0.9994907379150392,,0.9987165927886964,0.9994031190872192,0,1,0,1,0
11103,imdb,0,,0.0,0.0,,0.0,0.0,,0.0042728879489004,0.0023173685185611,,0.0033539154101163,0.0023375099990516,,0.9957271814346312,0.9976825714111328,,0.9966461062431335,0.9976625442504884,0,1,0,1,0
11186,imdb,0,,1.0,1.0,,1.0,0.0,,0.8312251567840576,0.5458992719650269,,0.8294001817703247,0.4090681374073028,,0.1687748283147812,0.4541007280349731,,0.1705998033285141,0.5909318923950195,0,1,0,1,1
11274,imdb,0,,0.0,0.0,,0.0,0.0,,0.1555974334478378,0.0423656143248081,,0.0594503171741962,0.0312671400606632,,0.8444026112556458,0.9576343894004822,,0.940549612045288,0.9687328934669496,0,1,0,1,0
11282,imdb,0,,0.0,0.0,,0.0,0.0,,0.0059858881868422,0.0011237154249101,,0.0034644356928765,0.0011681764153763,,0.9940140843391418,0.9988762736320496,,0.9965355396270752,0.9988318085670472,0,1,0,1,0
11321,imdb,0,,0.0,0.0,,0.0,0.0,,0.0551115944981575,0.0372315309941768,,0.0507840886712074,0.0327424891293048,,0.9448884129524232,0.9627684354782104,,0.9492158889770508,0.9672574400901794,0,1,0,1,0
11369,imdb,0,,0.0,0.0,,0.0,0.0,,0.0035102169495075,0.0012286262353882,,0.0012572213308885,0.0011860370868816,,0.9964897036552428,0.9987713694572448,,0.9987427592277528,0.9988139867782592,0,1,0,1,0
11481,imdb,0,,1.0,1.0,,1.0,1.0,,0.9885717034339904,0.9379972815513612,,0.9902383089065552,0.9323619604110718,,0.0114283608272671,0.0620027370750904,,0.0097616668790578,0.0676380842924118,0,1,0,1,0
11558,imdb,0,,0.0,0.0,,0.0,0.0,,0.0059101078659296,0.0014183599269017,,0.0062976111657917,0.0013121189549565,,0.994089901447296,0.9985816478729248,,0.9937024116516112,0.9986879229545592,0,1,0,1,0
11816,imdb,0,,0.0,0.0,,0.0,0.0,,0.0080557167530059,0.0039025282021611,,0.0063377507030963,0.0045581595040857,,0.9919443130493164,0.9960975050926208,,0.9936622381210328,0.9954417943954468,0,1,0,1,0
11841,imdb,0,,0.0,0.0,,0.0,0.0,,0.0285099856555461,0.0186744779348373,,0.0317539945244789,0.0279063414782285,,0.97148996591568,0.9813255071640016,,0.9682459831237792,0.9720936417579652,0,1,0,1,0
11869,imdb,0,,0.0,0.0,,0.0,0.0,,0.0080397948622703,0.0060761510394513,,0.0059755984693765,0.0053779883310198,,0.9919602274894714,0.993923842906952,,0.9940244555473328,0.994621992111206,0,1,0,1,0
11877,imdb,0,,1.0,0.0,,0.0,0.0,,0.5607432723045349,0.0776575058698654,,0.1320000886917114,0.2773885130882263,,0.4392567574977875,0.9223424792289734,,0.8679999113082886,0.7226115465164185,0,1,1,1,0
11974,imdb,0,,0.0,0.0,,0.0,0.0,,0.0031886233482509,0.0022192683536559,,0.0024400022812187,0.0020364937372505,,0.9968113303184508,0.997780740261078,,0.9975600242614746,0.997963547706604,0,1,0,1,0
11987,imdb,0,,0.0,0.0,,0.0,0.0,,0.0263906698673963,0.0049477936699986,,0.0102643342688679,0.0050292345695197,,0.9736093282699584,0.9950522780418396,,0.9897357225418092,0.9949707388877868,0,1,0,1,0
11990,imdb,0,,1.0,0.0,,1.0,0.0,,0.809253454208374,0.3000990152359009,,0.7449749708175659,0.4170342683792114,,0.1907465904951095,0.6999009251594543,,0.2550250291824341,0.5829657316207886,1,1,1,1,0
12045,imdb,0,,0.0,0.0,,0.0,0.0,,0.0009332600166089,0.0007825333159416,,0.0010491361608728,0.0008116257959045,,0.9990667700767516,0.9992173910140992,,0.9989508390426636,0.9991883635520936,0,1,0,1,0
12331,imdb,0,,1.0,0.0,,0.0,0.0,,0.6893369555473328,0.1748529374599456,,0.0635077431797981,0.0478263869881629,,0.3106630742549896,0.8251470923423767,,0.9364922642707824,0.95217365026474,0,1,1,1,0
1233dcc6090fe1f2d6b92f70a,cfimdb,1,1.0,,1.0,0.0,,1.0,0.9984283447265624,,0.99954092502594,0.0331625938415527,,0.9995375871658324,0.0015716883353888,,0.000459127331851,0.9668374061584472,,0.0004624812572728,1,1,1,0,0
12403,imdb,0,,0.0,0.0,,0.0,0.0,,0.1724995225667953,0.0063861543312668,,0.0167378596961498,0.0077643888071179,,0.8275004625320435,0.99361389875412,,0.9832621812820436,0.9922356009483336,0,1,0,1,0
1241,imdb,0,,0.0,0.0,,0.0,0.0,,0.0042756213806569,0.0009807737078517,,0.0009855180978775,0.0011368617415428,,0.995724320411682,0.9990192651748656,,0.9990144968032836,0.9988631010055542,0,1,0,1,0
12519,imdb,1,1.0,,1.0,1.0,,1.0,0.9987834095954896,,0.99881112575531,0.9944354295730592,,0.998950719833374,0.0012166360393166,,0.001188882975839,0.0055645341053605,,0.0010492727160453,1,0,1,0,0
12555,imdb,1,1.0,,1.0,1.0,,1.0,0.9968633651733398,,0.9980183839797974,0.997440218925476,,0.9979357719421388,0.0031366692855954,,0.0019816434942185,0.002559820190072,,0.0020642606541514,1,0,1,0,0
12755,imdb,1,1.0,,1.0,1.0,,1.0,0.998007595539093,,0.9993960857391356,0.9989997744560242,,0.9993526339530944,0.0019924603402614,,0.0006038512219674,0.0010002175113186,,0.000647351029329,1,0,1,0,0
1292de18a047da58e81a21640,cfimdb,0,,0.0,0.0,,0.0,0.0,,1.1819783139799256e-05,5.309965672495309e-06,,2.3273436454473995e-05,5.710265668312786e-06,,0.9999881982803344,0.9999946355819702,,0.9999767541885376,0.9999942779541016,0,1,0,1,0
12981,imdb,1,0.0,,0.0,0.0,,0.0,0.0420961678028106,,0.119071215391159,0.067011572420597,,0.1122184842824935,0.9579038023948668,,0.8809287548065186,0.9329884052276612,,0.8877814412117004,1,0,1,0,0
1309,imdb,0,,0.0,0.0,,0.0,0.0,,0.0918161943554878,0.0386947207152843,,0.0735163241624832,0.045583538711071,,0.9081838130950928,0.9613052010536194,,0.9264836311340332,0.9544165134429932,0,1,0,1,0
13128,imdb,1,0.0,,1.0,1.0,,1.0,0.2180822491645813,,0.6116446852684021,0.501740038394928,,0.6138964891433716,0.7819176912307739,,0.3883552551269531,0.4982599914073944,,0.386103481054306,1,0,1,1,0
13282,imdb,1,1.0,,1.0,1.0,,1.0,0.997665286064148,,0.9991782307624816,0.9984866380691528,,0.9991540908813475,0.0023347504902631,,0.0008217867580242,0.0015133843990042,,0.000845911737997,1,0,1,0,0
13314,imdb,1,1.0,,1.0,1.0,,1.0,0.7962048649787903,,0.8151025772094727,0.5096802115440369,,0.8134582042694092,0.2037951797246933,,0.1848973929882049,0.4903198182582855,,0.186541810631752,1,0,1,0,0
13350,imdb,1,1.0,,1.0,1.0,,1.0,0.949506402015686,,0.9985489249229432,0.9864389896392822,,0.9973905682563782,0.0504936501383781,,0.0014510141918435,0.0135610001161694,,0.0026094550266861,1,0,1,0,0
13378,imdb,1,0.0,,1.0,0.0,,1.0,0.3937017917633056,,0.6868842244148254,0.468166321516037,,0.6874904632568359,0.6062982082366943,,0.3131157755851745,0.5318336486816406,,0.312509536743164,1,1,1,1,0
13741,imdb,1,1.0,,1.0,1.0,,1.0,0.9373154640197754,,0.987520694732666,0.9723255038261414,,0.9851511120796204,0.0626845136284828,,0.0124793071299791,0.0276744980365037,,0.0148488897830247,1,0,1,0,0
13809,imdb,1,1.0,,1.0,1.0,,1.0,0.9754589200019836,,0.9922212958335876,0.9839655160903932,,0.9919916987419128,0.0245410837233066,,0.0077786520123481,0.0160345174372196,,0.0080082649365067,1,0,1,0,0
14097,imdb,1,1.0,,1.0,1.0,,1.0,0.9824352860450744,,0.9949883222579956,0.9757699966430664,,0.9951027631759644,0.0175646934658288,,0.0050116945058107,0.0242299623787403,,0.0048971935175359,1,0,1,0,0
14216,imdb,1,1.0,,1.0,1.0,,1.0,0.9917627573013306,,0.9965075850486756,0.9741889834403992,,0.9962913990020752,0.0082372035831213,,0.0034924505744129,0.0258110575377941,,0.0037085898220539,1,0,1,0,0
14342,imdb,1,1.0,,1.0,1.0,,1.0,0.9721489548683168,,0.995820164680481,0.9741063117980956,,0.9954444169998168,0.0278510507196187,,0.0041798399761319,0.0258936416357755,,0.0045556207187473,1,0,1,0,0
14606,imdb,1,1.0,,1.0,1.0,,1.0,0.9951761960983276,,0.998815417289734,0.9969964027404784,,0.9987173080444336,0.0048237368464469,,0.0011846155393868,0.0030035644304007,,0.0012826969614252,1,0,1,0,0
15091,imdb,1,1.0,,1.0,1.0,,1.0,0.9977052807807922,,0.9995467066764832,0.9989162683486938,,0.9991137385368348,0.002294726204127,,0.0004532405582722,0.001083722920157,,0.000886209658347,1,0,1,0,0
15168,imdb,1,1.0,,1.0,1.0,,1.0,0.9942072629928588,,0.997525155544281,0.9951401948928832,,0.997863471508026,0.0057926643639802,,0.0024748151190578,0.0048598521389067,,0.0021365790162235,1,0,1,0,0
15219,imdb,1,1.0,,1.0,1.0,,1.0,0.7922754883766174,,0.9470721483230592,0.6035592555999756,,0.9632219076156616,0.2077245414257049,,0.0529278852045536,0.396440714597702,,0.0367781147360801,1,0,1,0,0
153dbc6c68b5e4ae5c802b828,cfimdb,1,1.0,,1.0,1.0,,1.0,0.7333472371101379,,0.9992498755455016,0.8150104880332947,,0.9993271827697754,0.2666527926921844,,0.0007500551291741,0.1849895417690277,,0.0006728859152644,1,0,1,0,0
15482,imdb,1,1.0,,1.0,1.0,,1.0,0.9971055388450624,,0.9991708993911744,0.997931957244873,,0.9993483424186708,0.0028944292571395,,0.0008291225531138,0.0020680814050137,,0.000651640119031,1,0,1,0,0
15589,imdb,1,1.0,,1.0,1.0,,1.0,0.9080476760864258,,0.9939752221107484,0.94514662027359,,0.9877102375030518,0.0919523313641548,,0.0060247490182518,0.0548533722758293,,0.0122898258268833,1,0,1,0,0
15738,imdb,1,1.0,,1.0,1.0,,1.0,0.9990567564964294,,0.9991371035575868,0.9984934329986572,,0.99908447265625,0.0009432614897377,,0.000862967048306,0.0015065243933349,,0.000915489392355,1,0,1,0,0
15956,imdb,1,0.0,,0.0,0.0,,0.0,0.1217498183250427,,0.2850748300552368,0.0586817450821399,,0.3882593512535095,0.8782501220703125,,0.7149251699447632,0.9413183331489564,,0.6117406487464905,1,0,1,0,0
1597,imdb,0,,0.0,0.0,,1.0,0.0,,0.4451329708099365,0.1172863245010376,,0.9288221597671508,0.0870528593659401,,0.5548670291900635,0.8827136754989624,,0.0711778476834297,0.912947118282318,1,1,0,1,0
15b8db6fcf12a99235193d924,cfimdb,0,,0.0,0.0,,0.0,0.0,,2.435682836221531e-05,1.6224812497966923e-05,,2.1374997231760066e-05,2.1302184904925525e-05,,0.9999756813049316,0.9999837875366212,,0.9999786615371704,0.9999786615371704,0,1,0,1,0
16067,imdb,1,1.0,,1.0,1.0,,1.0,0.8148558139801025,,0.9364793300628662,0.6721212267875671,,0.8955007791519165,0.1851442158222198,,0.0635206401348114,0.3278788030147552,,0.1044992059469223,1,0,1,0,0
16211,imdb,1,1.0,,1.0,1.0,,1.0,0.691496729850769,,0.9976282715797424,0.9647259712219238,,0.9980841875076294,0.3085032999515533,,0.0023717349395155,0.0352739915251731,,0.0019157722126692,1,0,1,0,0
16801,imdb,1,1.0,,1.0,1.0,,1.0,0.980111300945282,,0.9988228678703308,0.9850757718086244,,0.9990744590759276,0.0198886394500732,,0.0011770635610446,0.0149241518229246,,0.0009255718905478,1,0,1,0,0
16888,imdb,1,1.0,,1.0,1.0,,1.0,0.9929386973381042,,0.9980227947235109,0.9914690256118774,,0.9979395270347596,0.0070613538846373,,0.0019772460218518,0.008530986495316,,0.0020604184828698,1,0,1,0,0
17006,imdb,1,1.0,,1.0,1.0,,1.0,0.9984387755393982,,0.9993244409561156,0.997711181640625,,0.9991506338119508,0.0015612266724929,,0.0006756342481821,0.0022887599188834,,0.0008493998320773,1,0,1,0,0
17010,imdb,1,0.0,,1.0,0.0,,1.0,0.1492959409952163,,0.7361561059951782,0.2066787779331207,,0.792319655418396,0.8507040739059448,,0.2638438940048218,0.7933212518692017,,0.2076803743839264,1,1,1,1,0
17068,imdb,1,1.0,,1.0,1.0,,1.0,0.9981110095977784,,0.9990676045417786,0.9960434436798096,,0.9989739656448364,0.0018890406936407,,0.0009324290440417,0.0039565549232065,,0.0010260463459417,1,0,1,0,0
1716,imdb,0,,0.0,0.0,,0.0,0.0,,0.0023253040853887,0.0024893144145607,,0.0030430166516453,0.0019506495445966,,0.9976746439933776,0.9975106716156006,,0.9969569444656372,0.9980493783950806,0,1,0,1,0
17242,imdb,1,1.0,,1.0,1.0,,1.0,0.9861823320388794,,0.9973530769348145,0.9781163930892944,,0.9975590705871582,0.013817673549056,,0.0026469170115888,0.0218835640698671,,0.0024409682955592,1,0,1,0,0
17369,imdb,1,1.0,,1.0,1.0,,1.0,0.6100074052810669,,0.995255410671234,0.9740627408027648,,0.9937525391578674,0.3899926543235779,,0.0047445674426853,0.0259372163563966,,0.0062474608421325,1,0,1,0,0
17491,imdb,1,0.0,,1.0,0.0,,1.0,0.0519426427781581,,0.509529709815979,0.0411808192729949,,0.5491083860397339,0.9480574131011964,,0.4904702305793762,0.9588191509246826,,0.4508916139602661,1,1,1,1,0
17709,imdb,1,1.0,,1.0,1.0,,1.0,0.996320366859436,,0.9991719722747804,0.9977311491966248,,0.9991650581359864,0.003679669694975,,0.0008281163172796,0.0022689150646328,,0.0008349207346327,1,0,1,0,0
17753,imdb,1,1.0,,1.0,1.0,,1.0,0.9966993927955629,,0.998428225517273,0.9952900409698486,,0.9983271956443788,0.0033005280420184,,0.0015718523645773,0.0047099166549742,,0.0016727732727304,1,0,1,0,0
1803a53c378961a378ec279c3,cfimdb,1,0.0,,0.0,0.0,,0.0,4.689730485551991e-05,,0.0172397959977388,0.0001338556903647,,0.0340347290039062,0.9999531507492064,,0.9827601909637452,0.9998661279678344,,0.9659653306007384,1,0,1,0,0
18070,imdb,1,1.0,,1.0,1.0,,1.0,0.9934459328651428,,0.9972968697547911,0.9931939840316772,,0.9973570704460144,0.0065540638752281,,0.0027030867058783,0.0068059358745813,,0.0026429344434291,1,0,1,0,0
18164,imdb,1,1.0,,1.0,1.0,,1.0,0.9897871017456056,,0.9979451298713684,0.9951983094215392,,0.9971580505371094,0.0102128908038139,,0.0020548971369862,0.0048016957007348,,0.0028419501613825,1,0,1,0,0
18265,imdb,1,1.0,,1.0,1.0,,1.0,0.9951829314231871,,0.9985364675521852,0.9922290444374084,,0.9982141256332396,0.0048170732334256,,0.0014635154511779,0.0077709900215268,,0.0017858945066109,1,0,1,0,0
18268,imdb,1,1.0,,1.0,1.0,,1.0,0.9997894167900084,,0.999829649925232,0.9996354579925536,,0.9998292922973632,0.0002106228348566,,0.0001703575690044,0.0003645775432232,,0.0001706933253444,1,0,1,0,0
18343,imdb,1,1.0,,1.0,1.0,,1.0,0.9964951872825624,,0.9993684887886048,0.9987938404083252,,0.9993546605110168,0.0035048823338001,,0.0006314970669336,0.001206146669574,,0.0006453964160755,1,0,1,0,0
18361,imdb,1,0.0,,0.0,0.0,,0.0,0.0834993869066238,,0.4559237062931061,0.0856508389115333,,0.4900002479553222,0.9165005683898926,,0.5440762639045715,0.9143491983413696,,0.509999692440033,1,0,1,0,0
18401,imdb,1,1.0,,1.0,1.0,,1.0,0.9975569248199464,,0.9989338517189026,0.9855226278305054,,0.9986523985862732,0.0024431103374809,,0.0010661035776138,0.0144773768261075,,0.0013475803425535,1,0,1,0,0
1842,imdb,0,,0.0,0.0,,0.0,0.0,,0.0015883952146396,0.0005676783039234,,0.0012414935044944,0.0005619445000775,,0.9984115362167358,0.9994322657585144,,0.9987585544586182,0.9994379878044128,0,1,0,1,0
18485,imdb,1,1.0,,1.0,1.0,,1.0,0.9071580767631532,,0.9916163086891174,0.988250732421875,,0.9908093214035034,0.0928418710827827,,0.0083836996927857,0.0117493234574794,,0.009190609678626,1,0,1,0,0
18743,imdb,1,1.0,,1.0,1.0,,1.0,0.9967828989028932,,0.9984161853790284,0.9974778294563292,,0.998342752456665,0.0032170636113733,,0.0015837505925446,0.002522227121517,,0.0016572925960645,1,0,1,0,0
18751,imdb,1,1.0,,1.0,1.0,,1.0,0.9979017972946168,,0.999262034893036,0.9991706609725952,,0.999219298362732,0.0020981426350772,,0.0007379765738733,0.000829390482977,,0.0007806907524354,1,0,1,0,0
18931,imdb,1,1.0,,1.0,1.0,,1.0,0.9499615430831908,,0.9954836368560792,0.9540895223617554,,0.9968096613883972,0.0500384196639061,,0.0045164297334849,0.0459104292094707,,0.0031902666669338,1,0,1,0,0
18bb8ca98779f4473278c1cfe,cfimdb,1,1.0,,1.0,1.0,,1.0,0.9999498128890992,,0.9999855756759644,0.9999382495880128,,0.9999833106994628,5.017333387513645e-05,,1.440533287677681e-05,6.177489558467641e-05,,1.66869031090755e-05,1,0,1,0,0
19,imdb,0,,0.0,0.0,,0.0,0.0,,0.0390461608767509,0.0045502912253141,,0.0716417357325553,0.0078176455572247,,0.9609538316726683,0.995449721813202,,0.928358256816864,0.9921823143959044,0,1,0,1,0
19077,imdb,1,0.0,,1.0,1.0,,1.0,0.1753419786691665,,0.955694317817688,0.975440502166748,,0.96653550863266,0.8246580362319946,,0.0443056784570217,0.0245594624429941,,0.0334645248949527,1,0,1,1,0
19312,imdb,1,1.0,,1.0,1.0,,1.0,0.9902732968330384,,0.9963937401771544,0.9203488826751708,,0.9967731833457948,0.0097267488017678,,0.0036062819417566,0.0796511098742485,,0.0032268310897052,1,0,1,0,0
19517,imdb,1,1.0,,1.0,1.0,,1.0,0.9892143607139589,,0.9945064187049866,0.9855414032936096,,0.9945675134658812,0.0107856709510087,,0.0054935426451265,0.014458667486906,,0.005432513076812,1,0,1,0,0
19628,imdb,1,1.0,,1.0,1.0,,1.0,0.9767980575561525,,0.99003928899765,0.9013182520866394,,0.9839946031570436,0.0232018940150737,,0.009960719384253,0.0986816883087158,,0.0160054378211498,1,0,1,0,0
19708,imdb,1,1.0,,1.0,1.0,,1.0,0.9706043004989624,,0.9941587448120116,0.9849302768707277,,0.99319988489151,0.0293956231325864,,0.0058412537910044,0.0150696476921439,,0.006800097413361,1,0,1,0,0
19730,imdb,1,1.0,,1.0,1.0,,1.0,0.8861806392669678,,0.9335471987724304,0.9070442914962769,,0.9634771347045898,0.1138193681836128,,0.0664527863264083,0.0929557234048843,,0.0365228839218616,1,0,1,0,0
19776,imdb,1,1.0,,1.0,1.0,,1.0,0.6205552816390991,,0.863275945186615,0.6696919798851013,,0.8521654009819031,0.3794446885585785,,0.1367240697145462,0.3303079903125763,,0.1478345543146133,1,0,1,0,0
19943,imdb,1,1.0,,1.0,1.0,,1.0,0.9979432225227356,,0.9986563920974731,0.9979390501976012,,0.99866783618927,0.0020567341707646,,0.001343619893305,0.0020609591156244,,0.0013322016457095,1,0,1,0,0
19999,imdb,1,1.0,,1.0,1.0,,1.0,0.9647048115730286,,0.9910954236984252,0.8544305562973022,,0.992268979549408,0.0352951548993587,,0.0089045893400907,0.1455694437026977,,0.0077310670167207,1,0,1,0,0
1a00c5c888cfb260aaa222957,cfimdb,1,1.0,,1.0,1.0,,1.0,0.999201238155365,,0.999675989151001,0.9989414811134338,,0.999765932559967,0.0007987897843122,,0.000324059947161,0.0010585144627839,,0.0002340563514735,1,0,1,0,0
1a1a81be696712e5dadd64efb,cfimdb,1,1.0,,1.0,1.0,,1.0,0.9992673993110656,,0.9994581341743468,0.9444984197616576,,0.9994120597839355,0.0007325685583055,,0.000541916291695,0.0555015765130519,,0.0005879076197743,1,0,1,0,0
1bf080050d420010e28b97da2,cfimdb,1,0.0,,1.0,0.0,,1.0,0.0016556838527321,,0.9999270439147948,0.4007041156291961,,0.9998635053634644,0.9983443021774292,,7.291925430763513e-05,0.5992958545684814,,0.0001364288909826,1,1,1,1,0
1bf2232907fb0fe9bc1f3efb9,cfimdb,1,1.0,,1.0,0.0,,1.0,0.9896726608276368,,0.9997956156730652,0.014132110401988,,0.9996697902679444,0.0103272944688797,,0.0002044460998149,0.9858679175376892,,0.0003302654076833,1,1,1,0,0
1c2b5946bb1d747e5e73996d3,cfimdb,0,,0.0,0.0,,0.0,0.0,,0.0012797418748959,1.3555629720940487e-06,,2.5484090656391345e-05,1.186002123176877e-06,,0.9987202882766724,0.9999986886978148,,0.999974489212036,0.9999988079071044,0,1,0,1,0
20045,imdb,1,1.0,,1.0,1.0,,1.0,0.9937625527381896,,0.9984476566314696,0.9911207556724548,,0.9982650876045228,0.0062374272383749,,0.0015522807370871,0.0088792154565453,,0.0017349041299894,1,0,1,0,0
20266,imdb,1,1.0,,1.0,1.0,,1.0,0.9752747416496276,,0.9939512014389038,0.8789406418800354,,0.9930074214935304,0.0247252956032753,,0.0060488148592412,0.1210593432188034,,0.0069925552234053,1,0,1,0,0
20351,imdb,1,1.0,,1.0,1.0,,1.0,0.9162490963935852,,0.977479875087738,0.9026978015899658,,0.9744574427604676,0.0837509110569953,,0.0225201956927776,0.0973022431135177,,0.0255425833165645,1,0,1,0,0
20381,imdb,1,1.0,,1.0,1.0,,1.0,0.9876155257225036,,0.9986526966094972,0.9950894713401794,,0.9988296627998352,0.0123844742774963,,0.001347235054709,0.0049105286598205,,0.0011703422060236,1,0,1,0,0
20566,imdb,1,0.0,,0.0,0.0,,0.0,0.0339413322508335,,0.1058818623423576,0.0275725368410348,,0.1367290616035461,0.9660586714744568,,0.8941181302070618,0.972427487373352,,0.8632709980010986,1,0,1,0,0
20616,imdb,1,1.0,,1.0,1.0,,1.0,0.9889234900474548,,0.9966462254524232,0.9746723175048828,,0.9968940019607544,0.0110765164718031,,0.0033537542913109,0.0253276620060205,,0.0031060054898262,1,0,1,0,0
20630,imdb,1,1.0,,1.0,1.0,,1.0,0.6905954480171204,,0.9752520322799684,0.7731609344482422,,0.9736043214797974,0.3094045519828796,,0.0247479565441608,0.2268390655517578,,0.0263956151902675,1,0,1,0,0
20688,imdb,1,1.0,,1.0,1.0,,1.0,0.99890398979187,,0.999897003173828,0.9998031258583068,,0.9998875856399536,0.0010960371000692,,0.0001029721242957,0.0001969150471268,,0.0001124571499531,1,0,1,0,0
20699,imdb,1,1.0,,1.0,1.0,,1.0,0.700864851474762,,0.9955303072929382,0.9409019947052002,,0.993733823299408,0.2991351187229156,,0.0044696722179651,0.0590979941189289,,0.0062662018463015,1,0,1,0,0
20797,imdb,1,1.0,,1.0,1.0,,1.0,0.9943273663520812,,0.9960527420043944,0.9930393099784852,,0.9961165189743042,0.0056726834736764,,0.0039472207427024,0.0069607524201273,,0.0038835008163005,1,0,1,0,0
20822,imdb,1,1.0,,1.0,1.0,,1.0,0.9975079298019408,,0.9993317723274232,0.9981378316879272,,0.9992293119430542,0.0024920459836721,,0.0006681802333332,0.0018620932241901,,0.0007707162294536,1,0,1,0,0
20841,imdb,1,0.0,,1.0,0.0,,1.0,0.3915265798568725,,0.9972330927848816,0.2476844489574432,,0.9948845505714417,0.6084734201431274,,0.002766957739368,0.7523155212402344,,0.0051154769025743,1,1,1,1,0
20887,imdb,1,1.0,,1.0,1.0,,1.0,0.8030685186386108,,0.889846682548523,0.8476652503013611,,0.8780661225318909,0.1969315111637115,,0.1101533249020576,0.1523347496986389,,0.1219338625669479,1,0,1,0,0
2106,imdb,0,,0.0,0.0,,0.0,0.0,,0.024032138288021,0.0167644452303648,,0.0402434095740318,0.0170363318175077,,0.9759678840637208,0.9832355976104736,,0.9597565531730652,0.9829636812210084,0,1,0,1,0
21189b1ac97b2c41b97b78c01,cfimdb,0,,0.0,0.0,,0.0,0.0,,0.0001535071933176,2.9473019822034985e-05,,0.0090860202908515,3.27239467878826e-05,,0.9998464584350586,0.999970555305481,,0.990913987159729,0.9999672174453736,0,1,0,1,0
21194,imdb,1,1.0,,1.0,1.0,,1.0,0.9997435212135316,,0.9998438358306884,0.9997875094413756,,0.9998419284820556,0.0002564617898315,,0.000156176436576,0.0002124898746842,,0.0001580270327394,1,0,1,0,0
21438,imdb,1,1.0,,1.0,1.0,,1.0,0.999756634235382,,0.9997923970222472,0.99967622756958,,0.9997966885566713,0.0002434142952552,,0.0002076618111459,0.0003237338678445,,0.0002033218625001,1,0,1,0,0
21511,imdb,1,1.0,,1.0,1.0,,1.0,0.8370500206947327,,0.9935281872749328,0.958286464214325,,0.9915163516998292,0.1629500240087509,,0.006471799686551,0.0417134687304496,,0.0084836743772029,1,0,1,0,0
21607,imdb,1,1.0,,1.0,1.0,,1.0,0.9903040528297424,,0.9986461997032166,0.9944128394126892,,0.9985494017601012,0.0096959276124835,,0.0013538503553718,0.0055872090160846,,0.0014506294392049,1,0,1,0,0
21879,imdb,1,1.0,,1.0,1.0,,1.0,0.8478431701660156,,0.9537837505340576,0.8052771687507629,,0.95106703042984,0.1521568596363067,,0.0462163016200065,0.1947228163480758,,0.0489329993724823,1,0,1,0,0
22206,imdb,1,1.0,,1.0,1.0,,1.0,0.9974696636199952,,0.9986239671707152,0.996561586856842,,0.9985904097557068,0.0025303976144641,,0.0013760357396677,0.0034383977763354,,0.0014096011873334,1,0,1,0,0
22316,imdb,1,1.0,,1.0,1.0,,1.0,0.8580312728881836,,0.986471712589264,0.8448197245597839,,0.9777597784996032,0.141968697309494,,0.0135283172130584,0.1551802307367324,,0.022240225225687,1,0,1,0,0
22603,imdb,1,1.0,,1.0,1.0,,1.0,0.9997369647026062,,0.999755084514618,0.9996976852416992,,0.9997515082359314,0.0002630521776154,,0.000244943134021,0.0003023040189873,,0.0002484929573256,1,0,1,0,0
22668,imdb,1,1.0,,1.0,1.0,,1.0,0.9994718432426452,,0.9995182752609252,0.999357521533966,,0.9994545578956604,0.0005282157217152,,0.0004817098961211,0.0006424346938729,,0.000545484595932,1,0,1,0,0
22669,imdb,1,1.0,,1.0,1.0,,1.0,0.9990838766098022,,0.9997053742408752,0.9994062185287476,,0.9996887445449828,0.0009161400375887,,0.0002945754677057,0.0005938450922258,,0.0003113125276286,1,0,1,0,0
22703,imdb,1,1.0,,1.0,1.0,,1.0,0.9957743287086488,,0.9985639452934264,0.9961262345314026,,0.9984567165374756,0.0042256745509803,,0.00143611675594,0.0038737398572266,,0.00154334155377,1,0,1,0,0
22891,imdb,1,1.0,,1.0,1.0,,1.0,0.9973625540733336,,0.9987552165985109,0.9971365928649902,,0.9988266825675964,0.0026374426670372,,0.0012447852641344,0.0028634038753807,,0.0011732659768313,1,0,1,0,0
22977,imdb,1,0.0,,0.0,0.0,,0.0,0.0249265283346176,,0.3285280168056488,0.009026794694364,,0.1850570738315582,0.975073516368866,,0.6714719533920288,0.9909732341766356,,0.8149428963661194,1,0,1,0,0
22d09618e47000c1a4437f818,cfimdb,1,0.0,,1.0,0.0,,1.0,7.57519737817347e-05,,0.9990573525428772,6.349451723508537e-05,,0.9981635212898254,0.9999241828918456,,0.000942692393437,0.9999364614486694,,0.001836537499912,1,1,1,1,0
23465,imdb,1,1.0,,1.0,1.0,,1.0,0.8816248774528503,,0.9847434759140016,0.8603839874267578,,0.9827952980995178,0.118375152349472,,0.0152566004544496,0.1396160125732422,,0.0172046553343534,1,0,1,0,0
23589,imdb,1,1.0,,1.0,1.0,,1.0,0.9886906147003174,,0.9936622381210328,0.9848747849464417,,0.9908280372619628,0.0113093769177794,,0.0063377865590155,0.0151252588257193,,0.0091719413176178,1,0,1,0,0
23603,imdb,1,1.0,,1.0,1.0,,1.0,0.9938033819198608,,0.9975754618644714,0.9967092275619508,,0.9964505434036256,0.0061965477652847,,0.0024245288223028,0.0032907971180975,,0.0035494756884872,1,0,1,0,0
23686,imdb,1,1.0,,1.0,1.0,,1.0,0.996020495891571,,0.9985164999961852,0.9937855005264282,,0.998308539390564,0.0039794757030904,,0.0014834936009719,0.0062145013362169,,0.0016914689913392,1,0,1,0,0
23774,imdb,1,1.0,,1.0,1.0,,1.0,0.996626615524292,,0.99887353181839,0.9964064955711364,,0.9987136125564576,0.0033734287135303,,0.0011264747008681,0.0035934795159846,,0.0012864144518971,1,0,1,0,0
23782,imdb,1,0.0,,1.0,0.0,,1.0,0.2002736777067184,,0.9956373572349548,0.3249755203723907,,0.9908093214035034,0.7997263669967651,,0.0043626865372061,0.6750245094299316,,0.0091906059533357,1,1,1,1,0
23821,imdb,1,1.0,,1.0,1.0,,1.0,0.9988552331924438,,0.9999386072158812,0.999919891357422,,0.99990975856781,0.0011447458527982,,6.138707976788282e-05,8.006547432160005e-05,,9.019795106723905e-05,1,0,1,0,0
23869,imdb,1,1.0,,1.0,1.0,,1.0,0.9151546955108644,,0.9798238277435304,0.9261070489883424,,0.9809923768043518,0.0848453640937805,,0.0201761703938245,0.0738929435610771,,0.0190076231956481,1,0,1,0,0
23981,imdb,1,1.0,,1.0,1.0,,1.0,0.7584512829780579,,0.8313355445861816,0.53657466173172,,0.8297078013420105,0.2415486872196197,,0.1686643958091735,0.4634252786636352,,0.1702921539545059,1,0,1,0,0
24058,imdb,1,1.0,,1.0,1.0,,1.0,0.9581321477890016,,0.9987046718597412,0.991978406906128,,0.998158633708954,0.0418678522109985,,0.0012952861143276,0.0080215884372591,,0.0018413609359413,1,0,1,0,0
24316,imdb,1,0.0,,1.0,0.0,,1.0,0.3804739117622375,,0.7108575701713562,0.3117937743663788,,0.8410627245903015,0.6195260882377625,,0.2891424000263214,0.6882062554359436,,0.1589373499155044,1,1,1,1,0
24341,imdb,1,1.0,,1.0,1.0,,1.0,0.9952055215835572,,0.9990473389625548,0.9948463439941406,,0.998933494091034,0.0047944639809429,,0.0009526877547614,0.0051536667160689,,0.0010665424633771,1,0,1,0,0
24369,imdb,1,1.0,,1.0,1.0,,1.0,0.999180018901825,,0.9995706677436828,0.9992213249206544,,0.9995644688606262,0.0008200224256142,,0.0004293467791285,0.0007786166970618,,0.0004355222044978,1,0,1,0,0
24377,imdb,1,1.0,,1.0,1.0,,1.0,0.9975233674049376,,0.9995548129081726,0.9990859031677246,,0.9994874000549316,0.0024766298010945,,0.0004451492568477,0.0009141336777247,,0.000512542843353,1,0,1,0,0
24474,imdb,1,1.0,,1.0,1.0,,1.0,0.9958570599555968,,0.9984081387519836,0.9981045722961426,,0.998291790485382,0.0041429810225963,,0.0015918691642582,0.0018953994149342,,0.0017081745900213,1,0,1,0,0
24487,imdb,1,1.0,,1.0,1.0,,1.0,0.8519468903541565,,0.9900915622711182,0.9407352805137634,,0.9879714846611024,0.1480531245470047,,0.0099084293469786,0.0592646971344947,,0.0120285600423812,1,0,1,0,0
24490,imdb,1,1.0,,1.0,1.0,,1.0,0.5675497651100159,,0.8793530464172363,0.6120239496231079,,0.8895966410636902,0.4324502050876617,,0.1206469684839248,0.3879760801792145,,0.1104033142328262,1,0,1,0,0
24545,imdb,1,1.0,,1.0,1.0,,1.0,0.9967194199562072,,0.9992353916168212,0.99846088886261,,0.999092936515808,0.0032806089147925,,0.0007646497106179,0.0015391464112326,,0.0009070335072465,1,0,1,0,0
24831,imdb,1,1.0,,1.0,1.0,,1.0,0.9948968291282654,,0.9978851675987244,0.9952676296234132,,0.9978274703025818,0.005103135947138,,0.0021148782689124,0.0047323470935225,,0.0021724663674831,1,0,1,0,0
24903,imdb,1,1.0,,1.0,1.0,,1.0,0.9603399634361268,,0.9935954213142396,0.946794092655182,,0.9934004545211792,0.0396600291132926,,0.006404607091099,0.0532058775424957,,0.0065995431505143,1,0,1,0,0
255,imdb,0,,0.0,0.0,,0.0,0.0,,0.0999712124466896,0.0458413437008857,,0.0795382633805275,0.0594944357872009,,0.9000288248062134,0.9541586637496948,,0.9204617738723756,0.9405055642127992,0,1,0,1,0
2591,imdb,0,,1.0,0.0,,0.0,0.0,,0.5797474384307861,0.0187099128961563,,0.0367854982614517,0.0184399746358394,,0.4202525913715362,0.98129004240036,,0.9632145166397096,0.981559991836548,0,1,1,1,0
2606f1cd59477a60eccdf23e6,cfimdb,0,,0.0,0.0,,0.0,0.0,,0.1108512505888938,4.977909702574834e-05,,0.0078642480075359,9.156819578493014e-05,,0.8891487121582031,0.9999501705169678,,0.992135763168335,0.999908447265625,0,1,0,1,0
2668,imdb,0,,0.0,0.0,,0.0,0.0,,0.0209828596562147,0.0118489665910601,,0.021772539243102,0.0131139745935797,,0.9790171980857848,0.9881510734558104,,0.9782274961471558,0.9868860244750975,0,1,0,1,0
2719,imdb,0,,0.0,0.0,,0.0,0.0,,0.0111536597833037,0.0040829530917108,,0.0548506043851375,0.0034183431416749,,0.9888463616371156,0.995917022228241,,0.9451493620872498,0.996581733226776,0,1,0,1,0
2766d390a07e99e4d8a6dff29,cfimdb,0,,0.0,0.0,,1.0,0.0,,6.24524473096244e-05,4.550846369966166e-06,,0.809080958366394,4.483390512177721e-06,,0.9999375343322754,0.9999954700469972,,0.1909190267324447,0.9999954700469972,1,1,0,1,0
27a83179087a195acc8cd2676,cfimdb,1,1.0,,1.0,0.0,,1.0,0.9992527365684508,,0.9999630451202391,0.0039534484967589,,0.9999599456787108,0.0007472242577932,,3.7012498069088906e-05,0.9960464835166932,,4.009266558568925e-05,1,1,1,0,0
2982,imdb,0,,0.0,0.0,,0.0,0.0,,0.1773083955049514,0.0994213223457336,,0.1539052128791809,0.1077048107981681,,0.8226916193962097,0.9005787372589111,,0.8460947275161743,0.8922951817512512,0,1,0,1,0
2ab35db87761b7f35c5a237ed,cfimdb,0,,0.0,0.0,,0.0,0.0,,0.0010200124233961,8.305000665131956e-05,,0.0030270090792328,0.000192343009985,,0.9989799857139589,0.9999169111251832,,0.9969730377197266,0.9998076558113098,0,1,0,1,0
2b2cfa9b6ba09f9bdb50e5c9f,cfimdb,0,,0.0,0.0,,0.0,0.0,,0.0011573849478736,0.000148157676449,,0.0018039029091596,0.0002243496273877,,0.9988425970077516,0.9998518228530884,,0.9981960654258728,0.9997757077217102,0,1,0,1,0
3089,imdb,0,,1.0,1.0,,1.0,1.0,,0.9546721577644348,0.9111188054084778,,0.9638208746910096,0.9422367215156556,,0.0453277677297592,0.0888812020421028,,0.0361791290342807,0.0577633492648601,0,1,0,1,0
309125cc7e8c18966f3424fb9,cfimdb,0,,0.0,0.0,,0.0,0.0,,5.929156941419933e-06,1.0832628731805016e-06,,5.18668412041734e-06,2.1803350591653725e-06,,0.9999940395355223,0.999998927116394,,0.9999947547912598,0.999997854232788,0,1,0,1,0
313fb23fd6ca28521e8385be3,cfimdb,0,,1.0,0.0,,0.0,0.0,,0.9751244783401488,1.2953230907442048e-05,,0.0577711835503578,1.0128638677997516e-05,,0.0248755197972059,0.999987006187439,,0.9422288537025452,0.9999898672103882,0,1,1,1,0
3238,imdb,0,,0.0,0.0,,0.0,0.0,,0.0108800614252686,0.0096582323312759,,0.0500434264540672,0.0114921368658542,,0.9891200065612792,0.9903417825698853,,0.9499565958976746,0.988507866859436,0,1,0,1,0
331592c86ac11d75be3d6b537,cfimdb,1,1.0,,1.0,1.0,,1.0,0.9997852444648744,,0.999969720840454,0.999887466430664,,0.999963879585266,0.0002148248458979,,3.023561293957755e-05,0.0001125669077737,,3.607082908274606e-05,1,0,1,0,0
3360df83f25cfb46e91335da3,cfimdb,1,0.0,,1.0,0.0,,1.0,8.143075683619827e-05,,0.960061013698578,0.0001368967205053,,0.9826951622962952,0.9999185800552368,,0.039938997477293,0.9998630285263062,,0.0173048786818981,1,1,1,1,0
33e114d523314b588838d10ca,cfimdb,0,,0.0,0.0,,0.0,0.0,,0.0004587635630741,1.7343962099403143e-05,,0.0003862815210595,1.921985131048132e-05,,0.9995412826538086,0.9999827146530152,,0.9996137022972108,0.9999808073043824,0,1,0,1,0
3456,imdb,0,,0.0,0.0,,0.0,0.0,,0.0010848043020814,6.408535409718752e-05,,0.0130343651399016,6.421822763513774e-05,,0.998915195465088,0.9999358654022216,,0.9869656562805176,0.999935746192932,0,1,0,1,0
35431605d355fa6b4de7b1b5e,cfimdb,0,,0.0,0.0,,1.0,0.0,,0.0044581466354429,0.0002644487831275,,0.7398043274879456,0.0003563888021744,,0.9955418705940248,0.9997355341911316,,0.260195642709732,0.9996435642242432,1,1,0,1,0
3567,imdb,0,,0.0,0.0,,0.0,0.0,,0.046700432896614,0.0217107143253088,,0.0317339263856411,0.016441460698843,,0.9532995223999025,0.9782893061637878,,0.9682660698890686,0.9835585951805116,0,1,0,1,0
3711,imdb,0,,0.0,0.0,,0.0,0.0,,0.0010848854435607,0.0008571783546358,,0.0017030913149937,0.0015840190462768,,0.9989150762557985,0.9991427659988404,,0.9982969164848328,0.9984159469604492,0,1,0,1,0
37eaccd7e0d79608e15ef005f,cfimdb,1,1.0,,1.0,1.0,,1.0,0.9976568222045898,,0.9991171956062316,0.9987603425979614,,0.9991711378097534,0.0023431044537574,,0.0008827875717543,0.001239673118107,,0.0008288954850286,1,0,1,0,0
3923d85e838bae4a2ba776503,cfimdb,1,1.0,,1.0,0.0,,1.0,0.5390024185180664,,0.9982463121414183,5.19875502504874e-05,,0.99853777885437,0.4609975814819336,,0.0017537176609039,0.999948024749756,,0.001462196232751,1,1,1,0,0
3a4419324c3085b8aa6721c58,cfimdb,1,0.0,,1.0,1.0,,1.0,0.1268810927867889,,0.9998564720153807,0.7876182794570923,,0.99983549118042,0.8731189370155334,,0.0001435397571185,0.2123817205429077,,0.0001645045122131,1,0,1,1,0
3b6d40465af337b99ce2a61cd,cfimdb,0,,0.0,0.0,,0.0,0.0,,0.000621446990408,1.5889214409980923e-05,,0.0010974350152537,2.426251921860967e-05,,0.9993785619735718,0.9999841451644896,,0.9989025592803956,0.9999756813049316,0,1,0,1,0
3ce34b7abb9965e422c2b5a1e,cfimdb,1,0.0,,1.0,1.0,,1.0,0.34528648853302,,0.9998292922973632,0.9852349758148192,,0.9998099207878112,0.65471351146698,,0.0001706912153167,0.0147650502622127,,0.0001901243376778,1,0,1,1,0
3d84d805da2c9c925308bd781,cfimdb,1,1.0,,1.0,1.0,,1.0,0.9993749260902404,,0.9994924068450928,0.999619960784912,,0.999277889728546,0.0006250424776226,,0.000507554563228,0.000379963137675,,0.0007221365231089,1,0,1,0,0
3da534caadab48ca4119601eb,cfimdb,1,0.0,,1.0,0.0,,1.0,0.1455032229423523,,0.9995777010917664,0.0644890815019607,,0.999386191368103,0.8544968366622925,,0.0004223127907607,0.9355108737945556,,0.0006137719028629,1,1,1,1,0
4301,imdb,0,,0.0,0.0,,0.0,0.0,,0.0573842860758304,0.0181830860674381,,0.085383266210556,0.0189282521605491,,0.9426157474517822,0.9818168878555298,,0.9146167635917664,0.9810717701911926,0,1,0,1,0
4388,imdb,0,,1.0,0.0,,1.0,0.0,,0.887810468673706,0.4513138830661773,,0.7614537477493286,0.4044343829154968,,0.1121895313262939,0.5486860871315002,,0.2385462522506714,0.5955655574798584,1,1,1,1,0
444f0c9b6d83e1ee964d79eb5,cfimdb,0,,1.0,0.0,,1.0,0.0,,0.9905357956886292,0.0001638304529478,,0.9881340861320496,0.0002352057636016,,0.0094641419127583,0.9998360872268676,,0.0118659902364015,0.9997647404670716,1,1,1,1,0
4506,imdb,0,,1.0,1.0,,1.0,1.0,,0.9790842533111572,0.8851751089096069,,0.9970951080322266,0.8898099064826965,,0.02091571316123,0.1148248761892318,,0.0029048463329672,0.1101901605725288,0,1,0,1,0
4510,imdb,0,,1.0,0.0,,0.0,0.0,,0.970002293586731,0.0296750348061323,,0.1557133197784423,0.0483846254646778,,0.0299977008253335,0.9703249931335448,,0.8442866802215576,0.9516154527664183,0,1,1,1,0
4568,imdb,0,,0.0,0.0,,0.0,0.0,,0.0096437484025955,0.0051964162848889,,0.0078575499355793,0.0069153951480984,,0.9903562664985656,0.9948036074638368,,0.9921424388885498,0.9930846691131592,0,1,0,1,0
4742,imdb,0,,0.0,0.0,,0.0,0.0,,0.0123330811038613,0.0038429105188697,,0.0070723383687436,0.0037167684640735,,0.9876669645309448,0.9961571097373962,,0.992927610874176,0.996283233165741,0,1,0,1,0
47b5a7c05282d37d7cb0ed6eb,cfimdb,0,,0.0,0.0,,0.0,0.0,,4.67948593723122e-05,2.1938589270575903e-05,,9.740514360601082e-05,3.4825785405701026e-05,,0.9999531507492064,0.9999780654907228,,0.999902606010437,0.9999651908874512,0,1,0,1,0
481,imdb,0,,0.0,0.0,,0.0,0.0,,0.0444338098168373,0.0091917822137475,,0.0151811549440026,0.0115139978006482,,0.9555662274360656,0.9908081889152528,,0.9848188161849976,0.9884860515594482,0,1,0,1,0
4869,imdb,0,,0.0,0.0,,0.0,0.0,,0.0030387493316084,0.0003987542004324,,0.0047311885282397,0.0004987079882994,,0.9969611763954164,0.9996013045310974,,0.9952687621116638,0.9995012283325196,0,1,0,1,0
4991,imdb,0,,0.0,0.0,,0.0,0.0,,0.0194340180605649,0.0067942165769636,,0.0228301081806421,0.0071569150313735,,0.9805660247802734,0.9932057857513428,,0.977169930934906,0.9928431510925292,0,1,0,1,0
4a077d2d48cbd71b8331b9e7d,cfimdb,0,,1.0,0.0,,1.0,0.0,,0.9994418025016784,5.489557224791497e-06,,0.998056411743164,3.5460620892990846e-06,,0.0005581728764809,0.9999945163726808,,0.0019435586873441,0.9999964237213136,1,1,1,1,0
4a91932d9e6a4cc85059e3edf,cfimdb,1,1.0,,1.0,1.0,,1.0,0.998343825340271,,0.9983273148536682,0.997868537902832,,0.9990684390068054,0.0016561094671487,,0.0016727128531783,0.002131437882781,,0.0009316066862083,1,0,1,0,0
4bf7b815ba5790ee9fc42e620,cfimdb,0,,0.0,0.0,,0.0,0.0,,3.257334901718423e-05,7.137502052501077e-06,,0.0085598239675164,8.50967535370728e-06,,0.9999674558639526,0.999992847442627,,0.9914401769638062,0.999991536140442,0,1,0,1,0
4c74087c0dfed8c73c0495889,cfimdb,1,1.0,,1.0,1.0,,1.0,0.999827206134796,,0.99994158744812,0.9990911483764648,,0.9999045133590698,0.0001727905473671,,5.8398927649250254e-05,0.0009088420774787,,9.545995999360456e-05,1,0,1,0,0
4e9d86c0e2e58ef3f048a4aff,cfimdb,1,0.0,,1.0,1.0,,1.0,0.0004942278028465,,0.9999531507492064,0.9998953342437744,,0.9999337196350098,0.9995057582855223,,4.680405618273653e-05,0.0001046642719302,,6.631065480178222e-05,1,0,1,1,0
4ef12a723cc1adbf5bf80168e,cfimdb,0,,0.0,0.0,,0.0,0.0,,0.0006152716232463,0.0002058703394141,,0.0012642316287383,0.0001388260861858,,0.9993847608566284,0.9997941851615906,,0.9987357258796692,0.9998611211776732,0,1,0,1,0
50bd3f57f21b80f5381b7fbc8,cfimdb,0,,0.0,0.0,,0.0,0.0,,2.038605452980846e-05,2.1673574792657746e-06,,1.6358319044229575e-05,2.4040700736804865e-06,,0.9999796152114868,0.999997854232788,,0.9999836683273317,0.999997615814209,0,1,0,1,0
50de1fc40580f7aaaae50d306,cfimdb,0,,1.0,1.0,,1.0,1.0,,0.9994608759880066,0.9990721940994264,,0.9987886548042296,0.9991703033447266,,0.0005391144077293,0.0009277481585741,,0.0012113826815038,0.000829721277114,0,1,0,1,0
50fa4d683da4f92feca46d75a,cfimdb,1,1.0,,1.0,1.0,,1.0,0.996459186077118,,0.9984381794929504,0.9944485425949096,,0.998799443244934,0.003540834179148,,0.0015617901226505,0.0055514932610094,,0.0012005473254248,1,0,1,0,0
512700e3a6ddfe1da0c643225,cfimdb,0,,1.0,0.0,,0.0,0.0,,0.9872983694076538,0.0001545912527944,,0.0272887889295816,0.000212541752262,,0.012701703235507,0.9998453855514526,,0.9727112054824828,0.9997875094413756,0,1,1,1,0
5209,imdb,0,,0.0,0.0,,0.0,0.0,,0.063832513988018,0.0126003343611955,,0.1248137950897216,0.0043278839439153,,0.9361674785614014,0.987399697303772,,0.8751862049102783,0.9956721067428588,0,1,0,1,0
5253,imdb,0,,0.0,0.0,,0.0,0.0,,0.2079370468854904,0.0322957448661327,,0.2740708589553833,0.0331166535615921,,0.7920629382133484,0.9677042365074158,,0.7259291410446167,0.9668833017349244,0,1,0,1,0
545a36c2e15d94550f603cdbf,cfimdb,0,,0.0,0.0,,0.0,0.0,,0.0001253465889021,1.4047395779925864e-05,,1.6796875570435077e-05,7.815134267730173e-06,,0.9998745918273926,0.999985933303833,,0.9999831914901732,0.9999921321868896,0,1,0,1,0
55,imdb,0,,0.0,0.0,,0.0,0.0,,0.0247822199016809,0.0112698664888739,,0.0212493948638439,0.0093588205054402,,0.9752178192138672,0.9887301325798036,,0.9787505865097046,0.990641176700592,0,1,0,1,0
5570,imdb,0,,0.0,0.0,,0.0,0.0,,0.0017855706391856,0.0015145657816901,,0.0064617237076163,0.0015077738789841,,0.9982144832611084,0.998485505580902,,0.9935383200645448,0.9984922409057616,0,1,0,1,0
55ea06b5071e5712895231d54,cfimdb,0,,0.0,0.0,,0.0,0.0,,1.4285884390119463e-05,1.348481532659207e-06,,2.170936113543576e-06,1.3258710396257811e-06,,0.999985694885254,0.9999986886978148,,0.999997854232788,0.9999986886978148,0,1,0,1,0
5664,imdb,0,,0.0,0.0,,0.0,0.0,,0.0029275612905621,0.0014593120431527,,0.017800897359848,0.0016604181146249,,0.997072458267212,0.9985407590866088,,0.9821991324424744,0.9983395338058472,0,1,0,1,0
572d93a4e28b1941e70efb14e,cfimdb,1,1.0,,1.0,1.0,,1.0,0.8590167760848999,,0.9999260902404784,0.9984910488128662,,0.9998739957809448,0.1409832239151001,,7.388349331449717e-05,0.0015089818043634,,0.0001260412973351,1,0,1,0,0
5765,imdb,0,,0.0,0.0,,0.0,0.0,,0.0337369032204151,0.0170969180762767,,0.1805009692907333,0.0220549665391445,,0.9662630558013916,0.9829030632972716,,0.8194990158081055,0.9779450297355652,0,1,0,1,0
5768,imdb,0,,0.0,0.0,,0.0,0.0,,0.2617881298065185,0.2268395870923996,,0.3571227192878723,0.2077612876892089,,0.7382118105888367,0.7731603980064392,,0.6428772807121277,0.7922386527061462,0,1,0,1,0
5843,imdb,0,,0.0,0.0,,0.0,0.0,,0.0098126428201794,0.0029802559874951,,0.0068838000297546,0.0034605774562805,,0.9901873469352722,0.9970197081565856,,0.9931161999702454,0.9965394735336304,0,1,0,1,0
5861,imdb,0,,0.0,0.0,,0.0,0.0,,0.0045782192610204,0.0008395806653425,,0.0024835392832756,0.0010503227822482,,0.9954217076301576,0.9991604089736938,,0.9975165128707886,0.9989497065544128,0,1,0,1,0
58b49ea3ba796883d1f5dd7db,cfimdb,0,,0.0,0.0,,1.0,0.0,,0.0105270389467477,0.0001954444160219,,0.8195955753326416,0.0005547354812733,,0.9894729256629944,0.9998045563697816,,0.1804044991731643,0.9994452595710754,1,1,0,1,0
5901,imdb,0,,0.0,0.0,,0.0,0.0,,0.036069244146347,0.0076036266982555,,0.00713671464473,0.0075922403484582,,0.9639307260513306,0.9923962950706482,,0.9928633570671082,0.9924076795578004,0,1,0,1,0
5985,imdb,0,,1.0,0.0,,0.0,0.0,,0.8647921085357666,0.0214491877704858,,0.3415985405445099,0.0223177596926689,,0.135207861661911,0.9785507917404176,,0.6584014892578125,0.9776821732521056,0,1,1,1,0
5a63139a905cd7a958fafef6b,cfimdb,0,,0.0,0.0,,0.0,0.0,,6.160112388897687e-05,8.191695997084025e-06,,3.30024013237562e-05,7.136215572245419e-06,,0.9999383687973022,0.999991774559021,,0.9999669790267944,0.999992847442627,0,1,0,1,0
5a750d2b868d8ff2fc56441df,cfimdb,1,0.0,,1.0,0.0,,1.0,0.2340038269758224,,0.998995840549469,0.0018693738384172,,0.9987214207649232,0.7659961581230164,,0.0010041914647445,0.9981306195259094,,0.0012785096187144,1,1,1,1,0
5db0ebedb562618ba7ba3aea3,cfimdb,1,1.0,,1.0,0.0,,1.0,0.9983622431755066,,0.9999054670333862,0.0025886280927807,,0.9999114274978638,0.0016377322608605,,9.454246173845604e-05,0.9974114298820496,,8.861629612511024e-05,1,1,1,0,0
5e26522a0612daf4b5252dc70,cfimdb,0,,0.0,0.0,,0.0,0.0,,0.0150014171376824,3.454690158832818e-05,,0.0030405067373067,2.9216627808636982e-05,,0.9849985241889954,0.9999654293060304,,0.9969595670700072,0.99997079372406,0,1,0,1,0
5ff182577279df12257c237f3,cfimdb,0,,0.0,0.0,,0.0,0.0,,3.343050411785953e-05,2.8126903544034576e-06,,4.17714509239886e-05,2.790791086226818e-06,,0.9999666213989258,0.9999971389770508,,0.9999582767486572,0.9999972581863404,0,1,0,1,0
612c824cd634471bce159c94e,cfimdb,1,1.0,,1.0,1.0,,1.0,0.9043442606925964,,0.9980833530426024,0.98377788066864,,0.9980195760726928,0.0956557095050811,,0.0019166450947523,0.0162220988422632,,0.0019804660696536,1,0,1,0,0
61af6d1482008aa9a23348c71,cfimdb,1,1.0,,1.0,1.0,,1.0,0.9982067346572876,,0.9998315572738647,0.966571807861328,,0.9997362494468688,0.0017932584742084,,0.0001683802256593,0.0334282033145427,,0.0002637407451402,1,0,1,0,0
6243,imdb,0,,0.0,0.0,,0.0,0.0,,0.0268342494964599,0.0171618554741144,,0.0208064522594213,0.0141266640275716,,0.97316575050354,0.9828381538391112,,0.9791935086250304,0.9858733415603638,0,1,0,1,0
6251,imdb,0,,0.0,0.0,,0.0,0.0,,0.0016216703224927,0.0017049376619979,,0.002677789889276,0.0018056166591122,,0.9983782768249512,0.9982951283454896,,0.9973222613334656,0.9981943964958192,0,1,0,1,0
628,imdb,0,,0.0,0.0,,0.0,0.0,,0.0019829047378152,0.0016195208299905,,0.0052379872649908,0.001698087551631,,0.9980170726776124,0.9983804225921632,,0.9947620034217834,0.9983018636703492,0,1,0,1,0
63dee10228a74b423685fc5c4,cfimdb,1,1.0,,1.0,1.0,,1.0,0.9726506471633912,,0.999686360359192,0.9993383288383484,,0.9997637867927552,0.0273494087159633,,0.0003136846353299,0.0006616239552386,,0.000236219348153,1,0,1,0,0
6431,imdb,0,,0.0,0.0,,0.0,0.0,,0.1221690773963928,0.0749306008219719,,0.1687427759170532,0.0662745609879493,,0.877830982208252,0.9250693917274476,,0.8312572240829468,0.9337254166603088,0,1,0,1,0
64e1efa7be19f61090762ed3b,cfimdb,0,,0.0,0.0,,0.0,0.0,,0.0004154612543061,5.1558996347012e-05,,0.358403593301773,4.713506859843619e-05,,0.9995844960212708,0.9999483823776244,,0.6415964365005493,0.9999529123306274,0,1,0,1,0
6577,imdb,0,,0.0,0.0,,1.0,0.0,,0.3014898300170898,0.0315204784274101,,0.9462252855300904,0.4059953391551971,,0.6985101699829102,0.9684794545173644,,0.0537747330963611,0.5940046310424805,1,1,0,1,0
65c5016addd46f7f83addd977,cfimdb,0,,0.0,0.0,,0.0,0.0,,3.90939530916512e-05,4.443921625352232e-06,,3.90626082662493e-05,6.986772859818302e-06,,0.9999608993530272,0.9999955892562866,,0.9999608993530272,0.9999929666519164,0,1,0,1,0
66e2878a399d73f8313cddb51,cfimdb,1,1.0,,1.0,1.0,,1.0,0.9999068975448608,,0.9999772310256958,0.999782383441925,,0.9999653100967408,9.310295718023552e-05,,2.2820184312877245e-05,0.000217647961108,,3.465202826191671e-05,1,0,1,0,0
6762a109a1c363c47d887d790,cfimdb,1,0.0,,1.0,1.0,,1.0,0.0163653325289487,,0.9992345571517944,0.9896385669708252,,0.9993284940719604,0.9836347103118896,,0.0007655097288079,0.0103613780811429,,0.0006714841583743,1,0,1,1,0
6812,imdb,0,,0.0,0.0,,0.0,0.0,,0.0062870983965694,0.0048399404622614,,0.0100530199706554,0.0044242884032428,,0.993712842464447,0.9951600432395936,,0.9899470210075378,0.9955756664276124,0,1,0,1,0
68d60128dc2ca6f9ea494f35f,cfimdb,0,,0.0,0.0,,0.0,0.0,,0.0003075160784646,6.241189839784056e-05,,0.0013428566744551,6.92346366122365e-05,,0.9996925592422484,0.9999375343322754,,0.9986571073532104,0.999930739402771,0,1,0,1,0
68f2f1d42b15c75bbe1bea365,cfimdb,1,0.0,,1.0,0.0,,1.0,0.0011728337267413,,0.9964042901992798,2.739702540566213e-05,,0.9946408271789552,0.9988271594047546,,0.0035957496147602,0.9999725818634032,,0.0053591718897223,1,1,1,1,0
6d742a4857f0cf8a2dffeb3f3,cfimdb,0,,0.0,0.0,,0.0,0.0,,2.4330061933142133e-05,1.425780646968633e-05,,0.0001263517478946,9.886210136755835e-06,,0.9999756813049316,0.999985694885254,,0.9998736381530762,0.9999901056289672,0,1,0,1,0
6e0b9dc4d3930b623534991e1,cfimdb,1,0.0,,1.0,1.0,,1.0,0.3445425629615783,,0.9998880624771118,0.9993846416473388,,0.9998990297317504,0.6554573774337769,,0.0001118997097364,0.0006153637077659,,0.0001009086699923,1,0,1,1,0
7017,imdb,0,,1.0,0.0,,1.0,0.0,,0.7418655157089233,0.2821388840675354,,0.591458261013031,0.2730119526386261,,0.258134514093399,0.7178611159324646,,0.408541738986969,0.7269880175590515,1,1,1,1,0
7128,imdb,0,,1.0,0.0,,0.0,0.0,,0.6437861323356628,0.1279015690088272,,0.3017250299453735,0.1208128035068512,,0.3562138676643371,0.8720983862876892,,0.6982749700546265,0.8791871666908264,0,1,1,1,0
71eaa8233a14c3f3b2221f0db,cfimdb,1,1.0,,1.0,0.0,,1.0,0.9927812218666076,,0.9997429251670836,0.0001522186939837,,0.9998080134391784,0.0072188139893114,,0.0002570096112322,0.9998477697372437,,0.0001920479699037,1,1,1,0,0
7208,imdb,0,,0.0,0.0,,0.0,0.0,,0.1227867901325225,0.0720358565449714,,0.2122834771871566,0.0868350863456726,,0.877213180065155,0.9279640913009644,,0.7877165675163269,0.9131649136543274,0,1,0,1,0
7230,imdb,0,,0.0,0.0,,0.0,0.0,,0.0112402299419045,0.0047896588221192,,0.0311518609523773,0.0052158115431666,,0.9887597560882568,0.995210349559784,,0.9688481688499452,0.99478417634964,0,1,0,1,0
7276,imdb,0,,0.0,0.0,,0.0,0.0,,0.032493982464075,0.0073267868719995,,0.125970259308815,0.0079125901684165,,0.9675059914588928,0.9926732182502748,,0.8740297555923462,0.992087423801422,0,1,0,1,0
72c465361d045e34924f1eac6,cfimdb,1,1.0,,1.0,1.0,,1.0,0.9982426166534424,,0.9997405409812928,0.9971484541893004,,0.9995644688606262,0.0017573375953361,,0.0002594180696178,0.0028515947051346,,0.0004355533455964,1,0,1,0,0
73d844368929ad7e7b0720399,cfimdb,0,,1.0,0.0,,1.0,0.0,,0.9995005130767822,0.0001568952866364,,0.9997647404670716,0.0001217773897224,,0.0004995105555281,0.9998431205749512,,0.0002352212468395,0.9998781681060792,1,1,1,1,0
7443,imdb,0,,0.0,0.0,,0.0,0.0,,0.0072579002007842,0.0040788720361888,,0.022679528221488,0.0058098752051591,,0.9927420616149902,0.9959211349487304,,0.977320432662964,0.9941900968551636,0,1,0,1,0
7499,imdb,0,,0.0,0.0,,0.0,0.0,,0.0442576892673969,0.0205632913857698,,0.1047109216451644,0.0229011680930852,,0.955742359161377,0.979436695575714,,0.8952890634536743,0.9770987629890442,0,1,0,1,0
7545,imdb,0,,0.0,0.0,,0.0,0.0,,0.0025321033317595,0.0015703092794865,,0.0026402410585433,0.0013240610715001,,0.997467875480652,0.9984297156333924,,0.9973596930503844,0.9986758828163148,0,1,0,1,0
7766,imdb,0,,0.0,0.0,,0.0,0.0,,0.0244158152490854,0.0146701047196984,,0.0170244220644235,0.0120713384822011,,0.9755841493606568,0.9853298664093018,,0.9829755425453186,0.9879286885261536,0,1,0,1,0
782,imdb,0,,0.0,0.0,,0.0,0.0,,0.2467123121023178,0.0043767252936959,,0.0564309731125831,0.0052436948753893,,0.753287672996521,0.9956232905387878,,0.943569004535675,0.9947563409805298,0,1,0,1,0
7851,imdb,0,,0.0,0.0,,0.0,0.0,,0.0025928197428584,0.0022921827621757,,0.0030308391433209,0.001985007431358,,0.9974071383476256,0.9977078437805176,,0.9969691634178162,0.9980149269104004,0,1,0,1,0
7881,imdb,0,,0.0,0.0,,0.0,0.0,,0.0021538506262004,0.0015883105807006,,0.0052771070040762,0.0016589510487392,,0.9978461265563964,0.9984116554260254,,0.9947229623794556,0.9983410835266112,0,1,0,1,0
796077b95adb58d9174e10e95,cfimdb,1,0.0,,1.0,1.0,,1.0,0.001468363800086,,0.9998300075531006,0.9428330063819884,,0.999772012233734,0.9985315799713136,,0.0001699112617643,0.057166937738657,,0.0002279730688314,1,0,1,1,0
7b553eab380cede419ba11de8,cfimdb,0,,0.0,0.0,,1.0,0.0,,0.4028012156486511,0.0048829726874828,,0.9994811415672302,0.0058650206774473,,0.5971987843513489,0.9951170682907104,,0.0005188778741285,0.9941349625587464,1,1,0,1,0
7f96433ad577a6657b06425a2,cfimdb,0,,0.0,0.0,,0.0,0.0,,0.0425081402063369,0.0012164170620962,,0.2880963683128357,0.0013773718383163,,0.9574918150901794,0.9987836480140686,,0.7119036316871643,0.9986226558685304,0,1,0,1,0
800c569a24d3590fd88e6ea63,cfimdb,1,1.0,,1.0,1.0,,1.0,0.9216183423995972,,0.9999886751174928,0.9988538026809692,,0.9999864101409912,0.0783816128969192,,1.1277854355284944e-05,0.0011461731046438,,1.3625107385450974e-05,1,0,1,0,0
8066,imdb,0,,0.0,0.0,,0.0,0.0,,0.1931659281253814,0.0863439738750457,,0.3973526358604431,0.1059960573911666,,0.8068341016769409,0.9136560559272766,,0.6026473641395569,0.8940039277076721,0,1,0,1,0
80716dec95cbad319c5e3da11,cfimdb,1,1.0,,1.0,1.0,,1.0,0.9967621564865112,,0.9994301199913024,0.9621223211288452,,0.9994708895683287,0.0032378016039729,,0.0005699068424291,0.0378777049481868,,0.0005291813286021,1,0,1,0,0
8115fd0d53fe33ef4ea2452e0,cfimdb,0,,0.0,0.0,,0.0,0.0,,6.36770323581004e-07,2.940341232715582e-07,,2.027234131674049e-06,4.307954952764703e-07,,0.9999994039535522,0.9999997615814208,,0.9999979734420776,0.9999995231628418,0,1,0,1,0
8116,imdb,0,,0.0,0.0,,0.0,0.0,,0.1772364825010299,0.1037266179919242,,0.1974080801010131,0.1519460082054138,,0.8227635025978088,0.8962733745574951,,0.8025919198989868,0.8480539321899414,0,1,0,1,0
8130,imdb,0,,0.0,0.0,,0.0,0.0,,0.0045527196489274,0.0031632296741008,,0.0038654780946671,0.0032359494362026,,0.9954472184181212,0.99683678150177,,0.9961345195770264,0.996764063835144,0,1,0,1,0
814,imdb,0,,0.0,0.0,,0.0,0.0,,0.0082759922370314,0.0018251133151352,,0.0035267998464405,0.0023605767637491,,0.9917240738868712,0.9981749057769777,,0.9964731335639954,0.9976394176483154,0,1,0,1,0
8188,imdb,0,,1.0,0.0,,0.0,0.0,,0.6052271723747253,0.013522476889193,,0.0320536494255065,0.0145547641441226,,0.3947728872299194,0.9864774942398072,,0.9679462909698486,0.985445201396942,0,1,1,1,0
8199,imdb,0,,0.0,0.0,,0.0,0.0,,0.0406695641577243,0.0087200440466403,,0.0667841434478759,0.0105655780062079,,0.959330439567566,0.9912799000740052,,0.9332157969474792,0.9894344210624696,0,1,0,1,0
822af29a37f12d16d22af2737,cfimdb,0,,0.0,0.0,,0.0,0.0,,0.3098079562187195,3.522223096297239e-06,,1.2288912330404855e-05,5.230610440776218e-06,,0.6901920437812805,0.9999964237213136,,0.9999877214431764,0.9999947547912598,0,1,0,1,0
828491ad828df99c1854b42b4,cfimdb,1,0.0,,1.0,1.0,,1.0,0.001338287256658,,0.9997377991676332,0.8643838763237,,0.9997108578681946,0.9986617565155028,,0.000262172834482,0.1356160789728164,,0.0002891503972932,1,0,1,1,0
8297,imdb,0,,0.0,0.0,,0.0,0.0,,0.0773791819810867,0.0225361175835132,,0.4324924051761627,0.0283715333789587,,0.9226208329200744,0.9774639010429382,,0.5675076246261597,0.971628487110138,0,1,0,1,0
8322,imdb,0,,0.0,0.0,,0.0,0.0,,0.0029902334790676,0.0012866129400208,,0.0015146068762987,0.0012166168307885,,0.9970097541809082,0.9987133741378784,,0.9984853863716124,0.9987834095954896,0,1,0,1,0
8341,imdb,0,,1.0,1.0,,1.0,1.0,,0.770514190196991,0.6062828898429871,,0.8304903507232666,0.6106977462768555,,0.2294858545064926,0.3937170803546905,,0.1695096641778946,0.3893022835254669,0,1,0,1,0
8387,imdb,0,,0.0,0.0,,1.0,0.0,,0.1037896201014518,0.0158613957464694,,0.5947790145874023,0.0235841162502765,,0.8962103724479675,0.9841386675834656,,0.4052209854125976,0.9764159321784972,1,1,0,1,0
850,imdb,0,,0.0,0.0,,0.0,0.0,,0.0112664345651865,0.0020061915274709,,0.0033534357789903,0.0019933213479816,,0.9887335300445556,0.99799382686615,,0.9966465830802916,0.9980066418647766,0,1,0,1,0
852da10e68cf8ee3d705359a3,cfimdb,0,,0.0,0.0,,0.0,0.0,,1.234383489645552e-05,4.950859420205234e-06,,0.0003959017340093,6.15307544649113e-06,,0.9999876022338868,0.9999949932098388,,0.9996041655540466,0.9999938011169434,0,1,0,1,0
8694,imdb,0,,1.0,1.0,,1.0,1.0,,0.9921539425849916,0.9619794487953186,,0.9923195242881776,0.958033800125122,,0.0078460713848471,0.0380204990506172,,0.0076804370619356,0.0419662669301033,0,1,0,1,0
86d5b52677dfa79afad549ded,cfimdb,0,,0.0,0.0,,0.0,0.0,,0.0020538591779768,7.807038855389692e-06,,0.0065904608927667,7.4079662226722576e-06,,0.9979462027549744,0.9999922513961792,,0.9934095144271852,0.999992609024048,0,1,0,1,0
878,imdb,0,,0.0,0.0,,0.0,0.0,,0.0050267279148101,0.0029131851624697,,0.0096855349838733,0.0029786161612719,,0.9949733018875122,0.9970868229866028,,0.9903144240379332,0.9970213770866394,0,1,0,1,0
87a7ab657846ae08efb51f7a0,cfimdb,0,,0.0,0.0,,0.0,0.0,,7.338733848882839e-05,7.904068297648337e-06,,0.0005942329298704,3.50317895936314e-06,,0.9999265670776368,0.9999921321868896,,0.9994057416915894,0.999996542930603,0,1,0,1,0
8938,imdb,0,,0.0,0.0,,0.0,0.0,,0.0072969966568052,0.0020275514107197,,0.0030107083730399,0.0020094162318855,,0.9927029609680176,0.9979724287986756,,0.9969893097877502,0.997990608215332,0,1,0,1,0
8afa8a10d5a8672ccca96b01a,cfimdb,0,,0.0,0.0,,0.0,0.0,,0.0008361592772416,8.943330612964928e-05,,0.0002352569135837,0.0002174917317461,,0.9991638660430908,0.9999105930328368,,0.9997647404670716,0.9997825026512146,0,1,0,1,0
8cbf26a9ea9c46c498bd06a92,cfimdb,1,0.0,,1.0,0.0,,1.0,0.0032419362105429,,0.9974554181098938,0.0019636435899883,,0.9987013339996338,0.9967580437660216,,0.0025445541832596,0.9980363249778748,,0.0012986034853383,1,1,1,1,0
8d20c3afef9b516b7de3414b1,cfimdb,0,,0.0,0.0,,0.0,0.0,,0.0001482829102315,5.318971943779616e-06,,7.955101318657398e-05,6.531847702717641e-06,,0.9998517036437988,0.9999946355819702,,0.9999204874038696,0.9999934434890748,0,1,0,1,0
8d901a49619935bd129ef7ece,cfimdb,1,0.0,,1.0,1.0,,1.0,5.045801299274899e-05,,0.9999637603759766,0.99958735704422,,0.9999663829803468,0.99994957447052,,3.628951162681915e-05,0.000412634020904,,3.3591411920497194e-05,1,0,1,1,0
8ee04ea5c07d5e3540a8fcf73,cfimdb,1,0.0,,1.0,0.0,,1.0,4.058342892676592e-05,,0.9997954964637756,2.0120942281209864e-05,,0.999846339225769,0.9999594688415528,,0.0002045143337454,0.999979853630066,,0.00015364823048,1,1,1,1,0
8f650bf5505ccb8747ac41fc2,cfimdb,1,1.0,,1.0,1.0,,1.0,0.996724545955658,,0.9986327290534972,0.9886327385902404,,0.9987019300460817,0.0032755255233496,,0.0013672593049705,0.0113672548905015,,0.001298097660765,1,0,1,0,0
8f6696108ee55a5b3538df62e,cfimdb,1,1.0,,1.0,0.0,,1.0,0.8492609262466431,,0.9999372959136964,7.577840733574703e-05,,0.9999239444732666,0.1507390886545181,,6.267690332606435e-05,0.9999241828918456,,7.59975373512134e-05,1,1,1,0,0
8fb774ae692464734e617649c,cfimdb,1,1.0,,1.0,1.0,,1.0,0.9994483590126038,,0.999779999256134,0.9995006322860718,,0.9997281432151794,0.000551626435481,,0.0002200202870881,0.0004993367474526,,0.0002718203468248,1,0,1,0,0
9011,imdb,0,,0.0,0.0,,0.0,0.0,,0.1767584979534149,0.0095537127926945,,0.0469393879175186,0.0078270006924867,,0.8232415318489075,0.9904463291168212,,0.9530606269836426,0.9921729564666748,0,1,0,1,0
9107,imdb,0,,0.0,0.0,,0.0,0.0,,0.0027123384643346,0.0021725902333855,,0.0044375238940119,0.0020986869931221,,0.9972876310348512,0.9978273510932922,,0.9955624341964722,0.9979013204574584,0,1,0,1,0
930ba7d5b31cfd868c22568cd,cfimdb,0,,0.0,0.0,,0.0,0.0,,5.303824582369998e-05,2.6760451873997223e-05,,7.832457777112722e-05,3.077237124671228e-05,,0.99994695186615,0.9999732971191406,,0.9999216794967652,0.999969244003296,0,1,0,1,0
9379,imdb,0,,0.0,0.0,,0.0,0.0,,0.0261591635644435,0.0093018319457769,,0.0221941173076629,0.0128534510731697,,0.9738407731056212,0.9906981587409972,,0.9778058528900146,0.987146496772766,0,1,0,1,0
93c89f60d72e91e7fac43357e,cfimdb,0,,0.0,0.0,,0.0,0.0,,0.000420600263169,7.248076144605875e-05,,0.0179647952318191,8.672627882333472e-05,,0.99957937002182,0.9999275207519532,,0.9820352792739868,0.999913215637207,0,1,0,1,0
93dee9603b66bcf32cd7fc2b7,cfimdb,1,0.0,,1.0,1.0,,1.0,0.4224990010261535,,0.9972354769706726,0.9793212413787842,,0.9969940185546876,0.5775009989738464,,0.0027645784430205,0.0206788051873445,,0.0030059772543609,1,0,1,1,0
9636f4972693b262067d33018,cfimdb,1,1.0,,1.0,0.0,,1.0,0.9386774897575378,,0.9996750354766846,0.0004246216267347,,0.999207079410553,0.0613224580883979,,0.000324932654621,0.9995754361152648,,0.0007929773419164,1,1,1,0,0
9706,imdb,0,,0.0,0.0,,0.0,0.0,,0.0194869227707386,0.0104004740715026,,0.0327060781419277,0.0147841786965727,,0.9805130958557128,0.989599585533142,,0.967293918132782,0.9852157831192015,0,1,0,1,0
979d6824302e6067bb0e47b3b,cfimdb,0,,0.0,0.0,,0.0,0.0,,0.0098381387069821,3.081594695686363e-05,,0.0157042164355516,3.766818917938508e-05,,0.9901618957519532,0.9999691247940063,,0.9842958450317384,0.999962329864502,0,1,0,1,0
97cb3d29e8a21b46e9274d9e6,cfimdb,1,1.0,,1.0,1.0,,1.0,0.9994400143623352,,0.9998144507408142,0.998986542224884,,0.9996607303619384,0.0005599662545137,,0.0001855769951362,0.0010134504409506,,0.0003393302613403,1,0,1,0,0
9816,imdb,0,,0.0,0.0,,1.0,0.0,,0.3908150494098663,0.1389650851488113,,0.584313154220581,0.1080076321959495,,0.6091849207878113,0.8610349297523499,,0.4156868755817413,0.8919923305511475,1,1,0,1,0
9844a320e93a7a2619e034a3a,cfimdb,0,,0.0,0.0,,0.0,0.0,,1.638700268813409e-05,2.3069724193192087e-06,,3.699383159982972e-05,2.658399125721189e-06,,0.9999836683273317,0.9999977350234984,,0.9999630451202391,0.99999737739563,0,1,0,1,0
9857ec16e3322fe561bc5a695,cfimdb,1,0.0,,1.0,0.0,,1.0,0.0003470560186542,,0.9989769458770752,3.312979606562294e-05,,0.9957759976387024,0.9996529817581176,,0.0010230907937511,0.9999668598175048,,0.0042240335606038,1,1,1,1,0
9a2fa5f069ee84ef12ce174f6,cfimdb,1,1.0,,1.0,0.0,,1.0,0.5986042618751526,,0.9987412095069884,0.0002203559706686,,0.9989649057388306,0.4013957679271698,,0.0012587634846568,0.9997796416282654,,0.0010351204546168,1,1,1,0,0
9a528dfeaa2c738aefec46b95,cfimdb,0,,0.0,0.0,,0.0,0.0,,0.0074065295048058,5.065558798378333e-05,,0.0590068250894546,4.837109736399725e-05,,0.9925934672355652,0.9999493360519408,,0.9409931898117064,0.9999516010284424,0,1,0,1,0
9c4ecd63c9b6e84e17921b8a6,cfimdb,0,,0.0,0.0,,0.0,0.0,,0.3245934844017029,5.495579171110876e-05,,0.0254937354475259,8.997065015137196e-05,,0.6754065155982971,0.9999450445175172,,0.9745061993598938,0.9999099969863892,0,1,0,1,0
9c78cbe1e93a4d5a2aa96fc78,cfimdb,1,1.0,,1.0,1.0,,1.0,0.9999558925628662,,0.9999783039093018,0.9999672174453736,,0.9999746084213256,4.40828334831167e-05,,2.1730615117121488e-05,3.279902375652455e-05,,2.54340520768892e-05,1,0,1,0,0
9dcf468ab30775d555ae60731,cfimdb,1,0.0,,1.0,0.0,,1.0,0.0152741968631744,,0.9400548934936525,0.2916724979877472,,0.9773234724998474,0.9847257733345032,,0.0599451586604118,0.7083275318145752,,0.0226764902472496,1,1,1,1,0
9ea6822583c7d3e6b3b29930a,cfimdb,1,1.0,,1.0,1.0,,1.0,0.9991693496704102,,0.9998449087142944,0.9997791647911072,,0.999858021736145,0.0008306598174385,,0.0001551111345179,0.0002208382793469,,0.0001419976615579,1,0,1,0,0
9f070a4f13e93d42543b419af,cfimdb,0,,0.0,0.0,,0.0,0.0,,0.0001254029048141,3.987141553807305e-06,,0.0001807111111702,4.274102138879243e-06,,0.9998745918273926,0.9999960660934448,,0.9998193383216858,0.9999957084655762,0,1,0,1,0
9f602badb639c1c45870cc6a9,cfimdb,0,,1.0,0.0,,0.0,0.0,,0.9824305772781372,0.0001054157037287,,0.1297997534275055,0.0004293558013159,,0.0175694320350885,0.9998946189880372,,0.8702002763748169,0.9995706677436828,0,1,1,1,0
a08abf45bcbcfefb7f1d1ad37,cfimdb,0,,0.0,0.0,,0.0,0.0,,1.6592914562352234e-06,1.285191046918044e-06,,1.228770656780398e-06,1.0199854614256765e-06,,0.9999983310699464,0.9999986886978148,,0.9999988079071044,0.999998927116394,0,1,0,1,0
a0fbdd298de5a929ec2a1f356,cfimdb,0,,0.0,0.0,,0.0,0.0,,0.0499443113803863,1.8207198081654496e-05,,0.3353569507598877,1.800040263333358e-05,,0.950055718421936,0.9999817609786988,,0.6646431088447571,0.9999819993972778,0,1,0,1,0
a2db5c32a80d4de529b52c9ee,cfimdb,0,,0.0,0.0,,1.0,0.0,,0.0001833719725254,2.6384454031358476e-05,,0.9802840352058412,3.249860310461372e-05,,0.999816596508026,0.9999736547470092,,0.0197159983217716,0.9999674558639526,1,1,0,1,0
a4438577c873240162dd8d6c5,cfimdb,1,0.0,,1.0,0.0,,1.0,0.0004705747414845,,0.8325780630111694,0.0153335006907582,,0.8657641410827637,0.9995294809341432,,0.1674219369888305,0.9846664667129515,,0.1342358440160751,1,1,1,1,0
a64af4abf6bc0742ddfd83750,cfimdb,0,,0.0,0.0,,0.0,0.0,,0.0009686964331194,7.4164267971355e-06,,7.597333751618862e-05,1.4775305317016318e-05,,0.9990313053131104,0.999992609024048,,0.9999240636825562,0.9999852180480956,0,1,0,1,0
a79ce648bc63c45a90ea8c9f5,cfimdb,1,0.0,,1.0,0.0,,1.0,0.0040088081732392,,0.9999641180038452,0.0010447187814861,,0.999964714050293,0.9959911704063416,,3.582865247153677e-05,0.998955249786377,,3.525668944348581e-05,1,1,1,1,0
a881cacc9d984cbd1b6d52be8,cfimdb,1,0.0,,1.0,0.0,,1.0,0.0025496121961623,,0.9970953464508056,2.508010948076844e-05,,0.9994856119155884,0.9974504113197328,,0.0029046779964119,0.9999749660491944,,0.0005144118331372,1,1,1,1,0
a8dafef907b6ce6504702dd20,cfimdb,1,1.0,,1.0,0.0,,1.0,0.997005045413971,,0.9997517466545104,0.0246161296963691,,0.999830961227417,0.0029949536547064,,0.0002482791023794,0.9753839373588562,,0.0001690215867711,1,1,1,0,0
a94622c03d40af8b382cf9ebc,cfimdb,0,,1.0,0.0,,1.0,0.0,,0.8104478120803833,8.627508213976398e-05,,0.8612520694732666,9.400791896041484e-05,,0.1895522326231002,0.9999136924743652,,0.1387479305267334,0.9999059438705444,1,1,1,1,0
aa8687a580000f7c34e29741a,cfimdb,0,,1.0,0.0,,1.0,0.0,,0.9894686341285706,0.0001709136704448,,0.9954769015312196,0.0001034683082252,,0.0105313416570425,0.9998290538787842,,0.0045231450349092,0.99989652633667,1,1,1,1,0
ab2350607f624efcbfeb6ab7c,cfimdb,0,,1.0,0.0,,1.0,0.0,,0.9992795586586,0.1426668465137481,,0.9993709921836852,0.1328607946634292,,0.0007204348803497,0.8573331832885742,,0.0006290522869676,0.8671391606330872,1,1,1,1,0
abfe3f7fa810de3cea626ca34,cfimdb,0,,0.0,0.0,,0.0,0.0,,2.67064206127543e-06,3.358151843713131e-06,,5.783490450994577e-06,1.0604169347061545e-06,,0.99999737739563,0.9999966621398926,,0.999994158744812,0.999998927116394,0,1,0,1,0
b213def5c3c6f231bc051ba76,cfimdb,0,,0.0,0.0,,0.0,0.0,,0.0035165543667972,0.0002609304501675,,0.0285614673048257,0.000218590881559,,0.9964834451675416,0.999739110469818,,0.9714385867118835,0.9997814297676086,0,1,0,1,0
b522500b1ac1478a4eb49f4d4,cfimdb,0,,1.0,0.0,,1.0,0.0,,0.9994891881942748,0.0007547890418209,,0.99968159198761,0.001660892390646,,0.0005108185578137,0.999245285987854,,0.0003183881053701,0.998339056968689,1,1,1,1,0
b739a18968df95bff0d4475e1,cfimdb,0,,0.0,0.0,,0.0,0.0,,0.0001045016106218,6.168369054648792e-06,,0.0005914974026381,1.382586924592033e-05,,0.999895453453064,0.9999938011169434,,0.999408483505249,0.999986171722412,0,1,0,1,0
b74f7fb67fdc13f300675a227,cfimdb,0,,0.0,0.0,,0.0,0.0,,0.0040884562768042,0.0001876053865998,,0.0118254283443093,0.0002477078523952,,0.9959115982055664,0.9998124241828918,,0.988174557685852,0.9997523427009584,0,1,0,1,0
b81713e3673a217f7cd8163bd,cfimdb,0,,0.0,0.0,,0.0,0.0,,0.0009697921341285,1.9057431927649304e-05,,0.001076883287169,1.499887821410084e-05,,0.9990302324295044,0.999980926513672,,0.998923122882843,0.9999849796295166,0,1,0,1,0
b8501c5d0c7967ee22a21b3d1,cfimdb,1,1.0,,1.0,0.0,,1.0,0.9997369647026062,,0.999942183494568,0.0001045582393999,,0.9999593496322632,0.0002630145463626,,5.77804385102354e-05,0.999895453453064,,4.0616181649966165e-05,1,1,1,0,0
b862cd7241954166a5e2928a3,cfimdb,1,1.0,,1.0,0.0,,1.0,0.9481415152549744,,0.9965983033180236,0.1696109026670456,,0.9968969821929932,0.0518584884703159,,0.0034016745630651,0.8303890824317932,,0.0031030362006276,1,1,1,0,0
b9d914d646c3596533287c9c0,cfimdb,0,,0.0,0.0,,0.0,0.0,,0.0001019373230519,3.323798955534585e-05,,0.000110874447273,2.5988492780015804e-05,,0.999898076057434,0.9999667406082152,,0.9998891353607178,0.999974012374878,0,1,0,1,0
ba7408b5db8f769b46b4cf70b,cfimdb,1,1.0,,1.0,1.0,,1.0,0.9985522627830504,,0.9995926022529602,0.99176424741745,,0.9996040463447572,0.0014477004297077,,0.0004074128810316,0.0082357553765177,,0.0003959492605645,1,0,1,0,0
be4ebc57d4afaadf6c21337b9,cfimdb,0,,0.0,0.0,,0.0,0.0,,9.037893323693424e-05,3.2100673706736416e-05,,0.003974936902523,3.435310645727441e-05,,0.9999096393585204,0.9999679327011108,,0.9960250854492188,0.9999656677246094,0,1,0,1,0
bebe36fd372fccf6cf21e3c9c,cfimdb,1,1.0,,1.0,1.0,,1.0,0.9859835505485536,,0.9994858503341676,0.9972248077392578,,0.999495267868042,0.0140164848417043,,0.0005140826106071,0.002775247208774,,0.0005046995356678,1,0,1,0,0
bf60351d9f6ffb90621b99418,cfimdb,1,1.0,,1.0,1.0,,1.0,0.9980950951576232,,0.9999321699142456,0.902440905570984,,0.9999308586120604,0.0019049558322876,,6.778135866625234e-05,0.0975590720772743,,6.910640513524413e-05,1,0,1,0,0
bfd52905d085e0b6999baebd6,cfimdb,0,,0.0,0.0,,0.0,0.0,,0.0003971201658714,2.608622344268952e-05,,0.0787034630775451,5.26011863257736e-05,,0.9996028542518616,0.9999738931655884,,0.9212965965270996,0.999947428703308,0,1,0,1,0
c02d031cc0f5a8067e982c7bf,cfimdb,1,0.0,,1.0,0.0,,1.0,0.1285638660192489,,0.9994812607765198,0.0034398180432617,,0.9993971586227416,0.8714361190795898,,0.0005187196074984,0.9965601563453674,,0.0006027911440469,1,1,1,1,0
c0c4119881409e5302e438cc9,cfimdb,1,1.0,,1.0,1.0,,1.0,0.997215747833252,,0.999948024749756,0.9996421337127686,,0.9999265670776368,0.002784248907119,,5.196148049435578e-05,0.0003578691685106,,7.343312609009445e-05,1,0,1,0,0
c0e6e198dd9bb52d215ab4325,cfimdb,1,0.0,,1.0,1.0,,1.0,0.1974749118089676,,0.9994296431541444,0.5601746439933777,,0.9995192289352416,0.8025250434875488,,0.0005703782080672,0.4398253560066223,,0.0004808300291188,1,0,1,1,0
c45bbb1f1a8e2ee722726d305,cfimdb,1,1.0,,1.0,1.0,,1.0,0.9990367889404296,,0.9997101426124572,0.9991558790206908,,0.999716818332672,0.0009632187429815,,0.0002898572711274,0.0008440836099907,,0.0002832135069184,1,0,1,0,0
c5843a01c3933c47833497ec7,cfimdb,1,0.0,,1.0,0.0,,1.0,0.0001055315733538,,0.999923586845398,0.0013690235791727,,0.9999278783798218,0.9998944997787476,,7.636687951162457e-05,0.998630940914154,,7.208201714092866e-05,1,1,1,1,0
c594401e51e191a18dca93bf6,cfimdb,1,0.0,,1.0,0.0,,1.0,8.613368845544755e-05,,0.9997089505195618,1.7429436411475763e-05,,0.9997504353523254,0.9999138116836548,,0.0002910763432737,0.9999825954437256,,0.0002495535591151,1,1,1,1,0
c7270962a3218c14eaa52fe76,cfimdb,0,,0.0,0.0,,0.0,0.0,,1.4311276572698262e-05,4.098418230569223e-06,,5.699997200281359e-05,4.510038706939668e-06,,0.999985694885254,0.9999959468841552,,0.9999430179595948,0.9999954700469972,0,1,0,1,0
c79ada540cece083295f5addf,cfimdb,1,1.0,,1.0,1.0,,1.0,0.9986336827278136,,0.999687671661377,0.9988492727279664,,0.999744474887848,0.001366269425489,,0.0003123730130027,0.0011507619637995,,0.0002554843667894,1,0,1,0,0
c9519f2ca70bf420104f180ce,cfimdb,0,,0.0,0.0,,0.0,0.0,,2.1213796571828425e-05,4.787431862496305e-06,,1.745200643199496e-05,1.3029388355789706e-05,,0.99997878074646,0.999995231628418,,0.9999825954437256,0.999987006187439,0,1,0,1,0
c9ab45ca5dd591bb0442f31e9,cfimdb,0,,1.0,0.0,,0.0,0.0,,0.999392032623291,0.0001509079156676,,0.031222803518176,0.0002068237954517,,0.0006079956656321,0.9998490810394288,,0.9687772393226624,0.9997932314872742,0,1,1,1,0
ca77c834740cca040640c13d8,cfimdb,1,1.0,,1.0,1.0,,1.0,0.9998455047607422,,0.9998831748962402,0.9998883008956908,,0.9998422861099244,0.0001544676197227,,0.0001168237213278,0.0001117391584557,,0.0001577079237904,1,0,1,0,0
cb23bd5b0402290957d18a27d,cfimdb,1,1.0,,1.0,1.0,,1.0,0.9940926432609558,,0.9977534413337708,0.9629744291305542,,0.9982104301452636,0.005907408427447,,0.0022466026712208,0.0370255187153816,,0.0017895406344905,1,0,1,0,0
ce04c47d105e7859464c14d38,cfimdb,0,,0.0,0.0,,0.0,0.0,,0.0005138597334735,0.0002131174551323,,0.0004343206819612,0.0002349679416511,,0.9994860887527466,0.999786913394928,,0.9995656609535216,0.9997649788856506,0,1,0,1,0
ce7eac561319ce765d7879ee0,cfimdb,1,1.0,,1.0,1.0,,1.0,0.9998667240142822,,0.9998935461044312,0.9996742010116576,,0.999881386756897,0.0001331988169113,,0.0001064256211975,0.0003258089709561,,0.0001185876462841,1,0,1,0,0
cebfb8b9521b92b16d211fe2a,cfimdb,1,0.0,,1.0,0.0,,0.0,9.49128225329332e-05,,0.8670585751533508,5.457595398183912e-05,,0.1550069600343704,0.9999051094055176,,0.1329413652420044,0.9999454021453856,,0.8449930548667908,1,1,1,1,1
cfa286372f425e9865b6187ff,cfimdb,1,1.0,,1.0,1.0,,1.0,0.9998021721839904,,0.9997610449790956,0.9998005032539368,,0.999775230884552,0.0001978124782908,,0.0002389751462033,0.0001995294587686,,0.000224794348469,1,0,1,0,0
cfd540b54c1a0367455dc0cab,cfimdb,1,0.0,,1.0,0.0,,1.0,0.0875041857361793,,0.9996581077575684,4.564574555843137e-05,,0.9996471405029296,0.9124958515167236,,0.0003418665437493,0.999954342842102,,0.0003528462257236,1,1,1,1,0
d1c937e34853049633f036aed,cfimdb,1,0.0,,1.0,0.0,,1.0,3.0032815629965622e-05,,0.997223138809204,0.0019459743052721,,0.9978442192077636,0.9999699592590332,,0.0027769212611019,0.998054027557373,,0.0021557984873652,1,1,1,1,0
d1cb7c9665323274f482697ba,cfimdb,0,,0.0,0.0,,0.0,0.0,,0.0006126731750555,1.342605446552625e-05,,0.0002731799031607,2.2566202460438944e-05,,0.999387264251709,0.9999865293502808,,0.9997268319129944,0.9999774694442748,0,1,0,1,0
d1e73b4ef820d5540728b42ff,cfimdb,1,1.0,,1.0,1.0,,1.0,0.992401123046875,,0.9999868869781494,0.7112938165664673,,0.9999874830245972,0.0075988103635609,,1.3101656804792585e-05,0.2887061536312103,,1.2471818081394304e-05,1,0,1,0,0
d3199828b7762bcec40b71ad7,cfimdb,1,1.0,,1.0,0.0,,1.0,0.8023796677589417,,0.9706027507781982,0.0003166224923916,,0.9734293222427368,0.1976203024387359,,0.0293972697108984,0.9996833801269532,,0.0265706200152635,1,1,1,0,0
d581c84d76d32c9ddee0c3e8b,cfimdb,1,1.0,,1.0,1.0,,1.0,0.9995525479316713,,0.9999796152114868,0.9997124075889589,,0.9999631643295288,0.0004474687739275,,2.033310374827124e-05,0.0002875770151149,,3.679872315842658e-05,1,0,1,0,0
d6ca915a3d91c771e68f225b4,cfimdb,1,1.0,,1.0,1.0,,1.0,0.939411461353302,,0.9998977184295654,0.9998493194580078,,0.9998934268951416,0.0605885572731494,,0.0001022692231344,0.0001506103144492,,0.0001065152682713,1,0,1,0,0
d6e364f10637198f612b1389a,cfimdb,1,0.0,,1.0,0.0,,1.0,0.0144456671550869,,0.999882698059082,0.0320304371416568,,0.9998089671134948,0.985554337501526,,0.0001173078635474,0.967969536781311,,0.0001910452847369,1,1,1,1,0
d7a0f8f65152c00a96adca4ea,cfimdb,0,,0.0,0.0,,0.0,0.0,,6.830610800534487e-06,1.1056001767428825e-06,,5.5040545703377575e-05,1.2384244882923667e-06,,0.9999932050704956,0.999998927116394,,0.9999449253082277,0.9999988079071044,0,1,0,1,0
da1e2e4ba26dec07e04e610ed,cfimdb,1,0.0,,1.0,0.0,,1.0,0.2211441695690155,,0.999308943748474,0.2363494783639907,,0.9992901086807252,0.7788558006286621,,0.0006911000818945,0.7636505365371704,,0.000709879444912,1,1,1,1,0
dae6f91ee6ac2ceda73de9379,cfimdb,0,,1.0,1.0,,1.0,1.0,,0.9996447563171388,0.9983789920806884,,0.9997556805610656,0.998829424381256,,0.000355262105586,0.0016210444737225,,0.0002442775003146,0.0011705914512276,0,1,0,1,0
daee7f5fe9006b505b3e683e8,cfimdb,0,,0.0,0.0,,0.0,0.0,,0.0001618365640752,1.1296669981675224e-05,,7.382040348602459e-05,1.310256902797846e-05,,0.99983811378479,0.9999886751174928,,0.999926209449768,0.9999868869781494,0,1,0,1,0
db6fc63b6df933a67041b720f,cfimdb,0,,0.0,0.0,,0.0,0.0,,5.05573325426667e-06,8.666939379509131e-07,,5.50835466128774e-05,5.619976946036331e-07,,0.9999949932098388,0.9999991655349731,,0.9999449253082277,0.9999994039535522,0,1,0,1,0
de3c4d7afab27750e95f63a35,cfimdb,0,,1.0,0.0,,0.0,0.0,,0.9618163108825684,1.543152757221833e-05,,0.037743367254734,3.0159617381286807e-05,,0.038183718919754,0.999984622001648,,0.962256669998169,0.9999698400497437,0,1,1,1,0
e6a50df06c5fcff6a463a3828,cfimdb,1,0.0,,1.0,1.0,,1.0,0.0007504348759539,,0.9997696280479432,0.9950215816497804,,0.9998206496238708,0.9992495179176332,,0.0002303836954524,0.0049784062430262,,0.0001793695410015,1,0,1,1,0
e7193bb50282041daa11015a5,cfimdb,0,,0.0,0.0,,0.0,0.0,,0.0001536593626951,9.24791947909398e-06,,2.9919356165919453e-05,1.4930761608411558e-05,,0.999846339225769,0.999990701675415,,0.9999700784683228,0.9999850988388062,0,1,0,1,0
e7f0481bb7284c607bdcd1737,cfimdb,0,,0.0,0.0,,0.0,0.0,,0.0002304728841409,4.0370781789533794e-05,,0.0003454289981164,1.8776298020384274e-05,,0.9997695088386536,0.9999595880508424,,0.9996545314788818,0.999981164932251,0,1,0,1,0
e8b776e5820e1361b1c82460c,cfimdb,0,,0.0,0.0,,0.0,0.0,,0.0002830995654221,4.338920189184137e-05,,0.0022314027883112,5.663635238306597e-05,,0.9997169375419616,0.9999566078186036,,0.9977686405181884,0.9999433755874634,0,1,0,1,0
e8e2b80f5166349e23975ceb4,cfimdb,0,,0.0,0.0,,0.0,0.0,,0.0001541624515084,2.589862788227037e-06,,4.540514055406675e-05,2.658452331161243e-06,,0.9998458623886108,0.99999737739563,,0.9999545812606812,0.99999737739563,0,1,0,1,0
e915ae0653fcf35be672569dc,cfimdb,0,,0.0,0.0,,0.0,0.0,,0.0037345967721194,4.9715861678123474e-05,,0.0186906363815069,8.387133857468143e-05,,0.9962653517723083,0.9999502897262572,,0.9813093543052672,0.9999160766601562,0,1,0,1,0
ec2f1cf08424b0af798618cbd,cfimdb,1,0.0,,1.0,0.0,,1.0,9.231956937583163e-05,,0.9998067021369934,7.844873471185565e-05,,0.9996606111526488,0.999907612800598,,0.0001932927698362,0.9999215602874756,,0.0003393841034267,1,1,1,1,0
edc71c71c26985a78fb19079c,cfimdb,1,1.0,,1.0,1.0,,1.0,0.9961650371551514,,0.99972802400589,0.963988184928894,,0.9996477365493774,0.0038350278045982,,0.0002719478798098,0.0360117852687835,,0.0003523108025547,1,0,1,0,0
ee190a0ffdb62a5afbf8de52a,cfimdb,0,,0.0,0.0,,0.0,0.0,,0.0001113874459406,2.269489414175041e-05,,9.477589628659187e-05,2.777961344690993e-05,,0.9998886585235596,0.9999773502349854,,0.9999052286148072,0.9999722242355348,0,1,0,1,0
ee325c9738c31642b32b98d70,cfimdb,1,0.0,,1.0,1.0,,1.0,0.4236057698726654,,0.9864991903305054,0.5309152603149414,,0.9935383200645448,0.576394259929657,,0.0135008161887526,0.4690847396850586,,0.0064616985619068,1,0,1,1,0
f04f873e2e309d1887852be1c,cfimdb,1,1.0,,1.0,1.0,,1.0,0.9942797422409058,,0.999746024608612,0.9962924122810364,,0.9996869564056396,0.0057202195748686,,0.0002540057175792,0.0037075064610689,,0.0003131235425826,1,0,1,0,0
f12d2f9a8a602f37e683f2570,cfimdb,0,,1.0,0.0,,1.0,0.0,,0.7976853251457214,0.0012999658938497,,0.9986955523490906,0.0041778376325964,,0.2023146748542785,0.9987000226974488,,0.0013044606894254,0.9958221912384032,1,1,1,1,0
f19e2a1eab7b39a9fb9a155ff,cfimdb,1,0.0,,1.0,1.0,,1.0,0.0002711616107262,,0.9999758005142212,0.999946117401123,,0.999980330467224,0.9997288584709167,,2.41524485318223e-05,5.38537024112884e-05,,1.9682967831613496e-05,1,0,1,1,0
f1e722ac831c7f8a50d134d71,cfimdb,1,0.0,,1.0,0.0,,1.0,0.0021050211507827,,0.9958492517471312,0.0449246242642402,,0.9955255389213562,0.9978950023651124,,0.0041507394053041,0.9550753235816956,,0.0044743954204022,1,1,1,1,0
f43588a2a987fbb476ba4a0cb,cfimdb,0,,0.0,0.0,,0.0,0.0,,0.0059769977815449,1.4223583093553316e-05,,0.0038007949478924,2.316065001650713e-05,,0.9940230250358582,0.9999858140945436,,0.9961991906166076,0.9999768733978271,0,1,0,1,0
f70b5c38c86b027659280b10f,cfimdb,0,,0.0,0.0,,0.0,0.0,,0.0183887891471385,0.0031117303296923,,0.0051242830231785,0.003614094806835,,0.98161119222641,0.9968882203102112,,0.9948757290840148,0.996385931968689,0,1,0,1,0
f7741a16949237c5a35e36440,cfimdb,1,1.0,,1.0,1.0,,1.0,0.9999079704284668,,0.999970555305481,0.9998072981834412,,0.9999583959579468,9.198678890243173e-05,,2.9466977139236405e-05,0.0001927311095641,,4.162146069575101e-05,1,0,1,0,0
f87de72e638a4bca166a46776,cfimdb,1,1.0,,1.0,0.0,,1.0,0.9784528613090516,,0.9999265670776368,0.0001721207954687,,0.9999001026153564,0.0215471982955932,,7.342955359490588e-05,0.9998278617858888,,9.98988762148656e-05,1,1,1,0,0
f8e80ae12d80ba470c4f79c9d,cfimdb,0,,0.0,0.0,,0.0,0.0,,1.637075729377102e-05,6.071608822821872e-06,,1.759393126121722e-05,8.250387509178836e-06,,0.9999836683273317,0.9999939203262328,,0.9999823570251464,0.999991774559021,0,1,0,1,0
f958aa9e67e95c7b5f94d7ac3,cfimdb,1,1.0,,1.0,0.0,,1.0,0.9976844787597656,,0.9998958110809326,0.0289718955755233,,0.9998369216918944,0.0023155624512583,,0.0001041551149683,0.9710280895233154,,0.0001630812475923,1,1,1,0,0
f983b055691d34b827acd4901,cfimdb,1,1.0,,1.0,1.0,,1.0,0.996212124824524,,0.9999388456344604,0.9995467066764832,,0.999901533126831,0.0037879219744354,,6.110894173616543e-05,0.0004532081657089,,9.850050992099568e-05,1,0,1,0,0
fa14ada31c3b115f70839308e,cfimdb,0,,0.0,0.0,,0.0,0.0,,5.912640972383088e-06,1.952268121385714e-06,,2.799441062961705e-06,1.5595884406138794e-06,,0.9999940395355223,0.9999980926513672,,0.9999972581863404,0.9999984502792358,0,1,0,1,0
fa1a87a6b6f906ff3c32a6267,cfimdb,0,,0.0,0.0,,0.0,0.0,,0.0011837938800454,0.0001301605952903,,0.0021237158216536,0.0001247593172593,,0.9988162517547609,0.9998698234558104,,0.9978762865066528,0.9998751878738404,0,1,0,1,0
fa30c4771a29600a70a74d6ce,cfimdb,0,,0.0,0.0,,0.0,0.0,,9.999904432334006e-05,1.9048055037274025e-05,,0.0005920061958022,1.98775978788035e-05,,0.9998999834060668,0.999980926513672,,0.9994080066680908,0.999980092048645,0,1,0,1,0
fa6a2f0d7b7257a1937569a30,cfimdb,0,,0.0,0.0,,0.0,0.0,,8.649073606648017e-06,4.075329798070015e-06,,1.5836838429095224e-05,2.64475397671049e-06,,0.9999912977218628,0.9999959468841552,,0.9999841451644896,0.99999737739563,0,1,0,1,0
fbd17fc77119e46a571a101ba,cfimdb,0,,0.0,0.0,,0.0,0.0,,2.433632835163735e-05,5.06124297317001e-06,,0.0017417777562513,5.855974450241774e-06,,0.9999756813049316,0.9999949932098388,,0.9982581734657288,0.999994158744812,0,1,0,1,0
fbfe8617c5ddfdfc649faf8cd,cfimdb,0,,0.0,0.0,,0.0,0.0,,5.872612746316008e-05,5.364438038668595e-06,,0.0028460207395255,5.572250756813446e-06,,0.9999412298202516,0.9999946355819702,,0.9971539974212646,0.9999943971633912,0,1,0,1,0
fc50e71df708baf07568d5414,cfimdb,1,0.0,,1.0,0.0,,1.0,0.0527759902179241,,0.9997579455375672,0.000171380888787,,0.9994333386421204,0.947223961353302,,0.0002419971278868,0.999828577041626,,0.0005666955257765,1,1,1,1,0
fcfbf7e73c20cc9513ad59a85,cfimdb,0,,0.0,0.0,,0.0,0.0,,7.687534525757656e-05,5.772316944785416e-05,,4.39267278125044e-05,2.329079688934144e-05,,0.9999231100082396,0.9999423027038574,,0.9999560117721558,0.9999767541885376,0,1,0,1,0
fee00b2542be55e69e83b4abf,cfimdb,1,1.0,,1.0,1.0,,1.0,0.9953072667121888,,0.9998488426208496,0.9994428753852844,,0.999751627445221,0.0046927430666983,,0.0001511756563559,0.0005570551147684,,0.0002483683638274,1,0,1,0,0
ff240622f8bfcd85998ebe126,cfimdb,0,,0.0,0.0,,0.0,0.0,,6.876137194922194e-05,2.687784581212327e-05,,0.0003117235901299,2.5251341867260635e-05,,0.9999312162399292,0.9999731779098512,,0.9996882677078248,0.9999747276306152,0,1,0,1,0
ffdded853fe074d1b7f11ad0c,cfimdb,1,1.0,,1.0,1.0,,1.0,0.9993556141853333,,0.9998433589935304,0.9995827078819276,,0.9998475313186646,0.00064434541855,,0.0001566218707012,0.0004173181368969,,0.0001524045947007,1,0,1,0,0
